Algorithm,Scenario,Strategy,Top1_acc,Top5_acc,PowerLoss_dB,AllocGain,Fairness,Coverage,TrainTime,InferTime,RobustnessDrop
KNN,Scenario 1 (V2I - Day - Location A),Max-SNR,51.546391752577314,85.77319587628865,0.24224475660024516,26.660713842414598,0.9987066818646965,0.9999999999979167,0.01712179183959961,3.977775573730469e-05,17.525773195876283
KNN,Scenario 1 (V2I - Day - Location A),Round-Robin,51.546391752577314,85.77319587628865,0.24224475660024516,2.66607138424146,0.9987066818646962,0.9999999999979167,0.01712179183959961,3.977775573730469e-05,17.525773195876283
KNN,Scenario 1 (V2I - Day - Location A),Proportional-Fair,51.546391752577314,85.77319587628865,0.24224475660024516,2.716350986504656,0.7278858452264555,0.9999999999979167,0.01712179183959961,3.977775573730469e-05,17.525773195876283
KNN,Scenario 1 (V2I - Day - Location A),Max-Min,51.546391752577314,85.77319587628865,0.24224475660024516,25.067625002507633,0.9995912072100693,0.9999999999979167,0.01712179183959961,3.977775573730469e-05,17.525773195876283
NN,Scenario 1 (V2I - Day - Location A),Max-SNR,53.1958762886598,96.49484536082474,0.23034297535673115,26.664582609844977,0.9987521331981517,0.9999999999979167,30.609777212142944,2.9633045196533205e-05,12.78350515463918
NN,Scenario 1 (V2I - Day - Location A),Round-Robin,53.1958762886598,96.49484536082474,0.23034297535673115,2.666458260984498,0.9987521331981513,0.9999999999979167,30.609777212142944,2.9633045196533205e-05,12.78350515463918
NN,Scenario 1 (V2I - Day - Location A),Proportional-Fair,53.1958762886598,96.49484536082474,0.23034297535673115,2.7153862562034794,0.7325442265069377,0.9999999999979167,30.609777212142944,2.9633045196533205e-05,12.78350515463918
NN,Scenario 1 (V2I - Day - Location A),Max-Min,53.1958762886598,96.49484536082474,0.23034297535673115,25.11080699731237,0.9995518094330254,0.9999999999979167,30.609777212142944,2.9633045196533205e-05,12.78350515463918
RF,Scenario 1 (V2I - Day - Location A),Max-SNR,51.340206185567006,94.63917525773195,0.23426578645410603,26.66290943287823,0.9986991705213222,0.9999999999979167,0.4146690368652344,0.0005196666717529297,17.319587628865975
RF,Scenario 1 (V2I - Day - Location A),Round-Robin,51.340206185567006,94.63917525773195,0.23426578645410603,2.6662909432878235,0.9986991705213218,0.9999999999979167,0.4146690368652344,0.0005196666717529297,17.319587628865975
RF,Scenario 1 (V2I - Day - Location A),Proportional-Fair,51.340206185567006,94.63917525773195,0.23426578645410603,2.716576978398686,0.7297644933440228,0.9999999999979167,0.4146690368652344,0.0005196666717529297,17.319587628865975
RF,Scenario 1 (V2I - Day - Location A),Max-Min,51.340206185567006,94.63917525773195,0.23426578645410603,25.051521487629884,0.999534392561002,0.9999999999979167,0.4146690368652344,0.0005196666717529297,17.319587628865975
XGB,Scenario 1 (V2I - Day - Location A),Max-SNR,52.57731958762887,94.43298969072164,0.23695127763459703,26.662209802858275,0.9987159955194747,0.9999999999979167,12.053789615631104,8.629322052001953e-05,16.28865979381444
XGB,Scenario 1 (V2I - Day - Location A),Round-Robin,52.57731958762887,94.43298969072164,0.23695127763459703,2.6662209802858277,0.9987159955194742,0.9999999999979167,12.053789615631104,8.629322052001953e-05,16.28865979381444
XGB,Scenario 1 (V2I - Day - Location A),Proportional-Fair,52.57731958762887,94.43298969072164,0.23695127763459703,2.7162255291233106,0.7291473679574363,0.9999999999979167,12.053789615631104,8.629322052001953e-05,16.28865979381444
XGB,Scenario 1 (V2I - Day - Location A),Max-Min,52.57731958762887,94.43298969072164,0.23695127763459703,25.095748595170807,0.9995611583409959,0.9999999999979167,12.053789615631104,8.629322052001953e-05,16.28865979381444
NB,Scenario 1 (V2I - Day - Location A),Max-SNR,33.81443298969072,92.78350515463917,0.5349321584666575,26.56338385195523,0.9987089762860986,0.9999999999979167,0.03795218467712402,3.954172134399414e-05,3.9175257731958766
NB,Scenario 1 (V2I - Day - Location A),Round-Robin,33.81443298969072,92.78350515463917,0.5349321584666575,2.6563383851955233,0.998708976286098,0.9999999999979167,0.03795218467712402,3.954172134399414e-05,3.9175257731958766
NB,Scenario 1 (V2I - Day - Location A),Proportional-Fair,33.81443298969072,92.78350515463917,0.5349321584666575,2.7072197598294623,0.7227210605268648,0.9999999999979167,0.03795218467712402,3.954172134399414e-05,3.9175257731958766
NB,Scenario 1 (V2I - Day - Location A),Max-Min,33.81443298969072,92.78350515463917,0.5349321584666575,25.01323807423615,0.9996312834063733,0.9999999999979167,0.03795218467712402,3.954172134399414e-05,3.9175257731958766
KNN,Scenario 2 (V2I - Night),Max-SNR,45.54621848739496,82.68907563025209,0.38484765168436896,28.357386517749347,0.9993395463038425,0.9999999999983051,0.008180618286132812,1.3959407806396484e-05,12.268907563025216
KNN,Scenario 2 (V2I - Night),Round-Robin,45.54621848739496,82.68907563025209,0.38484765168436896,2.8357386517749346,0.999339546303842,0.9999999999983051,0.008180618286132812,1.3959407806396484e-05,12.268907563025216
KNN,Scenario 2 (V2I - Night),Proportional-Fair,45.54621848739496,82.68907563025209,0.38484765168436896,2.8608804134914756,0.8687336496688357,0.9999999999983051,0.008180618286132812,1.3959407806396484e-05,12.268907563025216
KNN,Scenario 2 (V2I - Night),Max-Min,45.54621848739496,82.68907563025209,0.38484765168436896,26.90458149432385,0.9995753183801863,0.9999999999983051,0.008180618286132812,1.3959407806396484e-05,12.268907563025216
NN,Scenario 2 (V2I - Night),Max-SNR,44.70588235294118,92.43697478991596,0.4483798029743361,28.335299736076976,0.9993249482349545,0.9999999999983051,16.334145545959473,1.677274703979492e-05,7.226890756302524
NN,Scenario 2 (V2I - Night),Round-Robin,44.70588235294118,92.43697478991596,0.4483798029743361,2.8335299736076975,0.9993249482349542,0.9999999999983051,16.334145545959473,1.677274703979492e-05,7.226890756302524
NN,Scenario 2 (V2I - Night),Proportional-Fair,44.70588235294118,92.43697478991596,0.4483798029743361,2.8596376674213473,0.8631073242125489,0.9999999999983051,16.334145545959473,1.677274703979492e-05,7.226890756302524
NN,Scenario 2 (V2I - Night),Max-Min,44.70588235294118,92.43697478991596,0.4483798029743361,26.897605687935805,0.9995611931563386,0.9999999999983051,16.334145545959473,1.677274703979492e-05,7.226890756302524
RF,Scenario 2 (V2I - Night),Max-SNR,46.21848739495798,92.26890756302521,0.39645860325979254,28.35518866606157,0.999342303642096,0.9999999999983051,0.4057645797729492,0.00040424823760986327,11.764705882352942
RF,Scenario 2 (V2I - Night),Round-Robin,46.21848739495798,92.26890756302521,0.39645860325979254,2.8355188666061566,0.9993423036420958,0.9999999999983051,0.4057645797729492,0.00040424823760986327,11.764705882352942
RF,Scenario 2 (V2I - Night),Proportional-Fair,46.21848739495798,92.26890756302521,0.39645860325979254,2.860823070197272,0.8667383883856662,0.9999999999983051,0.4057645797729492,0.00040424823760986327,11.764705882352942
RF,Scenario 2 (V2I - Night),Max-Min,46.21848739495798,92.26890756302521,0.39645860325979254,26.904466459848265,0.9996218183489185,0.9999999999983051,0.4057645797729492,0.00040424823760986327,11.764705882352942
XGB,Scenario 2 (V2I - Night),Max-SNR,46.72268907563025,89.74789915966387,0.42875117306057065,28.344370396814043,0.9993207661613377,0.9999999999983051,3.2109463214874268,9.199857711791992e-05,9.411764705882348
XGB,Scenario 2 (V2I - Night),Round-Robin,46.72268907563025,89.74789915966387,0.42875117306057065,2.8344370396814043,0.9993207661613375,0.9999999999983051,3.2109463214874268,9.199857711791992e-05,9.411764705882348
XGB,Scenario 2 (V2I - Night),Proportional-Fair,46.72268907563025,89.74789915966387,0.42875117306057065,2.8604399822674886,0.8638654174755173,0.9999999999983051,3.2109463214874268,9.199857711791992e-05,9.411764705882348
XGB,Scenario 2 (V2I - Night),Max-Min,46.72268907563025,89.74789915966387,0.42875117306057065,26.86901544536476,0.9995670508598012,0.9999999999983051,3.2109463214874268,9.199857711791992e-05,9.411764705882348
NB,Scenario 2 (V2I - Night),Max-SNR,24.369747899159663,71.09243697478992,1.478389284162196,27.992963022292876,0.9989144530029971,0.9999999999983051,0.03981518745422363,4.1778087615966794e-05,0.8403361344537821
NB,Scenario 2 (V2I - Night),Round-Robin,24.369747899159663,71.09243697478992,1.478389284162196,2.7992963022292883,0.9989144530029971,0.9999999999983051,0.03981518745422363,4.1778087615966794e-05,0.8403361344537821
NB,Scenario 2 (V2I - Night),Proportional-Fair,24.369747899159663,71.09243697478992,1.478389284162196,2.8412773314907067,0.7913320862495247,0.9999999999983051,0.03981518745422363,4.1778087615966794e-05,0.8403361344537821
NB,Scenario 2 (V2I - Night),Max-Min,24.369747899159663,71.09243697478992,1.478389284162196,26.399828042949174,0.9997856902847106,0.9999999999983051,0.03981518745422363,4.1778087615966794e-05,0.8403361344537821
KNN,Scenario 3 (V2I - Day - Location B),Max-SNR,26.174496644295303,59.73154362416108,1.4295101089875166,27.233724842437052,0.9994125880171157,0.9999999999965518,0.005079984664916992,1.4162063598632812e-05,1.6778523489932873
KNN,Scenario 3 (V2I - Day - Location B),Round-Robin,26.174496644295303,59.73154362416108,1.4295101089875166,2.7233724842437055,0.9994125880171142,0.9999999999965518,0.005079984664916992,1.4162063598632812e-05,1.6778523489932873
KNN,Scenario 3 (V2I - Day - Location B),Proportional-Fair,26.174496644295303,59.73154362416108,1.4295101089875166,2.7541475167652134,0.7728345831665848,0.9999999999965518,0.005079984664916992,1.4162063598632812e-05,1.6778523489932873
KNN,Scenario 3 (V2I - Day - Location B),Max-Min,26.174496644295303,59.73154362416108,1.4295101089875166,26.417801618738153,0.9999615651864393,0.9999999999965518,0.005079984664916992,1.4162063598632812e-05,1.6778523489932873
NN,Scenario 3 (V2I - Day - Location B),Max-SNR,32.5503355704698,74.49664429530202,1.1786840254513407,27.319710454082553,0.999308798724988,0.9999999999965518,7.780673265457153,1.4233589172363282e-05,3.3557046979865746
NN,Scenario 3 (V2I - Day - Location B),Round-Robin,32.5503355704698,74.49664429530202,1.1786840254513407,2.7319710454082555,0.9993087987249863,0.9999999999965518,7.780673265457153,1.4233589172363282e-05,3.3557046979865746
NN,Scenario 3 (V2I - Day - Location B),Proportional-Fair,32.5503355704698,74.49664429530202,1.1786840254513407,2.7687841912771107,0.7425858008153582,0.9999999999965518,7.780673265457153,1.4233589172363282e-05,3.3557046979865746
NN,Scenario 3 (V2I - Day - Location B),Max-Min,32.5503355704698,74.49664429530202,1.1786840254513407,26.4514528574819,0.999925865653979,0.9999999999965518,7.780673265457153,1.4233589172363282e-05,3.3557046979865746
RF,Scenario 3 (V2I - Day - Location B),Max-SNR,28.187919463087248,67.11409395973155,1.3213419992482485,27.275536967581566,0.999416664919209,0.9999999999965518,0.28283023834228516,0.0003230619430541992,1.3422818791946298
RF,Scenario 3 (V2I - Day - Location B),Round-Robin,28.187919463087248,67.11409395973155,1.3213419992482485,2.727553696758157,0.9994166649192077,0.9999999999965518,0.28283023834228516,0.0003230619430541992,1.3422818791946298
RF,Scenario 3 (V2I - Day - Location B),Proportional-Fair,28.187919463087248,67.11409395973155,1.3213419992482485,2.7574237206191166,0.7824737361714198,0.9999999999965518,0.28283023834228516,0.0003230619430541992,1.3422818791946298
RF,Scenario 3 (V2I - Day - Location B),Max-Min,28.187919463087248,67.11409395973155,1.3213419992482485,26.50133131209785,0.9999345507403491,0.9999999999965518,0.28283023834228516,0.0003230619430541992,1.3422818791946298
XGB,Scenario 3 (V2I - Day - Location B),Max-SNR,30.201342281879196,68.12080536912751,1.3381783585520524,27.26885105044316,0.9994018077863852,0.9999999999965518,3.084397792816162,8.657693862915039e-05,3.0201342281879207
XGB,Scenario 3 (V2I - Day - Location B),Round-Robin,30.201342281879196,68.12080536912751,1.3381783585520524,2.726885105044316,0.9994018077863838,0.9999999999965518,3.084397792816162,8.657693862915039e-05,3.0201342281879207
XGB,Scenario 3 (V2I - Day - Location B),Proportional-Fair,30.201342281879196,68.12080536912751,1.3381783585520524,2.756404025783024,0.787190658412707,0.9999999999965518,3.084397792816162,8.657693862915039e-05,3.0201342281879207
XGB,Scenario 3 (V2I - Day - Location B),Max-Min,30.201342281879196,68.12080536912751,1.3381783585520524,26.422690961001084,0.9999523817141232,0.9999999999965518,3.084397792816162,8.657693862915039e-05,3.0201342281879207
NB,Scenario 3 (V2I - Day - Location B),Max-SNR,11.74496644295302,41.2751677852349,2.228478653549153,26.9656052723107,0.999424068640558,0.9999999999965518,0.01999497413635254,1.7156600952148436e-05,0.33557046979865746
NB,Scenario 3 (V2I - Day - Location B),Round-Robin,11.74496644295302,41.2751677852349,2.228478653549153,2.6965605272310698,0.9994240686405559,0.9999999999965518,0.01999497413635254,1.7156600952148436e-05,0.33557046979865746
NB,Scenario 3 (V2I - Day - Location B),Proportional-Fair,11.74496644295302,41.2751677852349,2.228478653549153,2.727943441596449,0.7628629664948051,0.9999999999965518,0.01999497413635254,1.7156600952148436e-05,0.33557046979865746
NB,Scenario 3 (V2I - Day - Location B),Max-Min,11.74496644295302,41.2751677852349,2.228478653549153,26.272749897836192,0.9999851044042234,0.9999999999965518,0.01999497413635254,1.7156600952148436e-05,0.33557046979865746
