Seed,Algorithm,Scenario,SplitMode,UnseenBeamsTest,Strategy,Top1_acc,Top5_acc,PowerLoss_dB,AllocGain,Fairness,Coverage,TrainTime,InferTime,RobustnessDrop
42,KNN,Scenario 1 (V2I - Day - Location A),random,0,Max-SNR,49.48453608247423,85.77319587628865,0.2535678932997434,26.656913195964627,0.9987010166915209,0.9999999999979167,0.011558055877685547,1.8825531005859374e-05,13.381443298969081
42,KNN,Scenario 1 (V2I - Day - Location A),random,0,Round-Robin,49.48453608247423,85.77319587628865,0.2535678932997434,2.665691319596463,0.9987010166915207,0.9999999999979167,0.011558055877685547,1.8825531005859374e-05,13.381443298969081
42,KNN,Scenario 1 (V2I - Day - Location A),random,0,Proportional-Fair,49.48453608247423,85.77319587628865,0.2535678932997434,2.7160194392921824,0.7280219980772165,0.9999999999979167,0.011558055877685547,1.8825531005859374e-05,13.381443298969081
42,KNN,Scenario 1 (V2I - Day - Location A),random,0,Max-Min,49.48453608247423,85.77319587628865,0.2535678932997434,25.0639289927069,0.9996017239211171,0.9999999999979167,0.011558055877685547,1.8825531005859374e-05,13.381443298969081
42,NN,Scenario 1 (V2I - Day - Location A),random,0,Max-SNR,51.546391752577314,97.31958762886597,0.24931192257768325,26.6574921349407,0.9987263455488752,0.9999999999979167,16.597378253936768,3.0982494354248044e-05,11.051546391752574
42,NN,Scenario 1 (V2I - Day - Location A),random,0,Round-Robin,51.546391752577314,97.31958762886597,0.24931192257768325,2.6657492134940695,0.9987263455488745,0.9999999999979167,16.597378253936768,3.0982494354248044e-05,11.051546391752574
42,NN,Scenario 1 (V2I - Day - Location A),random,0,Proportional-Fair,51.546391752577314,97.31958762886597,0.24931192257768325,2.71563564739433,0.7281384438231413,0.9999999999979167,16.597378253936768,3.0982494354248044e-05,11.051546391752574
42,NN,Scenario 1 (V2I - Day - Location A),random,0,Max-Min,51.546391752577314,97.31958762886597,0.24931192257768325,25.099194088457462,0.9995569658455518,0.9999999999979167,16.597378253936768,3.0982494354248044e-05,11.051546391752574
42,RF,Scenario 1 (V2I - Day - Location A),random,0,Max-SNR,49.896907216494846,94.43298969072164,0.2467100374498106,26.658724032845445,0.9986961359612804,0.9999999999979167,0.3295166492462158,0.0004938173294067382,14.701030927835049
42,RF,Scenario 1 (V2I - Day - Location A),random,0,Round-Robin,49.896907216494846,94.43298969072164,0.2467100374498106,2.6658724032845442,0.9986961359612796,0.9999999999979167,0.3295166492462158,0.0004938173294067382,14.701030927835049
42,RF,Scenario 1 (V2I - Day - Location A),random,0,Proportional-Fair,49.896907216494846,94.43298969072164,0.2467100374498106,2.7160178410443385,0.7297158705155703,0.9999999999979167,0.3295166492462158,0.0004938173294067382,14.701030927835049
42,RF,Scenario 1 (V2I - Day - Location A),random,0,Max-Min,49.896907216494846,94.43298969072164,0.2467100374498106,25.06419430824294,0.999518046239098,0.9999999999979167,0.3295166492462158,0.0004938173294067382,14.701030927835049
42,XGB,Scenario 1 (V2I - Day - Location A),random,0,Max-SNR,51.75257731958764,93.6082474226804,0.2308315914531847,26.66426389479438,0.9987195951203339,0.9999999999979167,2.386866807937622,8.03542137145996e-05,16.28865979381444
42,XGB,Scenario 1 (V2I - Day - Location A),random,0,Round-Robin,51.75257731958764,93.6082474226804,0.2308315914531847,2.6664263894794384,0.9987195951203335,0.9999999999979167,2.386866807937622,8.03542137145996e-05,16.28865979381444
42,XGB,Scenario 1 (V2I - Day - Location A),random,0,Proportional-Fair,51.75257731958764,93.6082474226804,0.2308315914531847,2.7160943282511973,0.7320846165516192,0.9999999999979167,2.386866807937622,8.03542137145996e-05,16.28865979381444
42,XGB,Scenario 1 (V2I - Day - Location A),random,0,Max-Min,51.75257731958764,93.6082474226804,0.2308315914531847,25.08598197647622,0.9995563619641997,0.9999999999979167,2.386866807937622,8.03542137145996e-05,16.28865979381444
42,NB,Scenario 1 (V2I - Day - Location A),random,0,Max-SNR,38.144329896907216,95.4639175257732,0.3938921821796877,26.610155585411356,0.9987046966422888,0.9999999999979167,0.03178811073303223,4.058361053466797e-05,9.525773195876287
42,NB,Scenario 1 (V2I - Day - Location A),random,0,Round-Robin,38.144329896907216,95.4639175257732,0.3938921821796877,2.661015558541136,0.9987046966422884,0.9999999999979167,0.03178811073303223,4.058361053466797e-05,9.525773195876287
42,NB,Scenario 1 (V2I - Day - Location A),random,0,Proportional-Fair,38.144329896907216,95.4639175257732,0.3938921821796877,2.7115944713204954,0.7252409972983802,0.9999999999979167,0.03178811073303223,4.058361053466797e-05,9.525773195876287
42,NB,Scenario 1 (V2I - Day - Location A),random,0,Max-Min,38.144329896907216,95.4639175257732,0.3938921821796877,25.03412223967106,0.9995963447003414,0.9999999999979167,0.03178811073303223,4.058361053466797e-05,9.525773195876287
42,KNN,Scenario 1 (V2I - Day - Location A),chronological,0,Max-SNR,47.83505154639175,78.55670103092784,0.32636900829618426,26.622226752856836,0.9986279293118895,0.9999999999979167,0.004175901412963867,1.5447139739990236e-05,13.072164948453612
42,KNN,Scenario 1 (V2I - Day - Location A),chronological,0,Round-Robin,47.83505154639175,78.55670103092784,0.32636900829618426,2.662222675285684,0.9986279293118893,0.9999999999979167,0.004175901412963867,1.5447139739990236e-05,13.072164948453612
42,KNN,Scenario 1 (V2I - Day - Location A),chronological,0,Proportional-Fair,47.83505154639175,78.55670103092784,0.32636900829618426,2.682797276575686,0.8689818052385537,0.9999999999979167,0.004175901412963867,1.5447139739990236e-05,13.072164948453612
42,KNN,Scenario 1 (V2I - Day - Location A),chronological,0,Max-Min,47.83505154639175,78.55670103092784,0.32636900829618426,25.684562683298964,0.9983433761677089,0.9999999999979167,0.004175901412963867,1.5447139739990236e-05,13.072164948453612
42,NN,Scenario 1 (V2I - Day - Location A),chronological,0,Max-SNR,49.072164948453604,96.08247422680412,0.2630605109373471,26.64282447677091,0.9986519700217197,0.9999999999979167,13.647068977355957,2.1512508392333985e-05,11.628865979381445
42,NN,Scenario 1 (V2I - Day - Location A),chronological,0,Round-Robin,49.072164948453604,96.08247422680412,0.2630605109373471,2.664282447677091,0.9986519700217189,0.9999999999979167,13.647068977355957,2.1512508392333985e-05,11.628865979381445
42,NN,Scenario 1 (V2I - Day - Location A),chronological,0,Proportional-Fair,49.072164948453604,96.08247422680412,0.2630605109373471,2.684004563568765,0.873184701633992,0.9999999999979167,13.647068977355957,2.1512508392333985e-05,11.628865979381445
42,NN,Scenario 1 (V2I - Day - Location A),chronological,0,Max-Min,49.072164948453604,96.08247422680412,0.2630605109373471,25.741639224344883,0.9984694479802856,0.9999999999979167,13.647068977355957,2.1512508392333985e-05,11.628865979381445
42,RF,Scenario 1 (V2I - Day - Location A),chronological,0,Max-SNR,48.65979381443299,91.54639175257732,0.3295082269436221,26.620900861943724,0.9986196074131644,0.9999999999979167,0.5103318691253662,0.0004999327659606933,14.94845360824742
42,RF,Scenario 1 (V2I - Day - Location A),chronological,0,Round-Robin,48.65979381443299,91.54639175257732,0.3295082269436221,2.6620900861943726,0.9986196074131637,0.9999999999979167,0.5103318691253662,0.0004999327659606933,14.94845360824742
42,RF,Scenario 1 (V2I - Day - Location A),chronological,0,Proportional-Fair,48.65979381443299,91.54639175257732,0.3295082269436221,2.683039845855777,0.8676807314588185,0.9999999999979167,0.5103318691253662,0.0004999327659606933,14.94845360824742
42,RF,Scenario 1 (V2I - Day - Location A),chronological,0,Max-Min,48.65979381443299,91.54639175257732,0.3295082269436221,25.661164324248837,0.9983066327159693,0.9999999999979167,0.5103318691253662,0.0004999327659606933,14.94845360824742
42,XGB,Scenario 1 (V2I - Day - Location A),chronological,0,Max-SNR,48.45360824742268,92.98969072164948,0.3271788990238695,26.621569210687817,0.9986277255715797,0.9999999999979167,2.352771043777466,7.996320724487304e-05,14.53608247422681
42,XGB,Scenario 1 (V2I - Day - Location A),chronological,0,Round-Robin,48.45360824742268,92.98969072164948,0.3271788990238695,2.662156921068781,0.9986277255715791,0.9999999999979167,2.352771043777466,7.996320724487304e-05,14.53608247422681
42,XGB,Scenario 1 (V2I - Day - Location A),chronological,0,Proportional-Fair,48.45360824742268,92.98969072164948,0.3271788990238695,2.6829096524021177,0.8679665316693141,0.9999999999979167,2.352771043777466,7.996320724487304e-05,14.53608247422681
42,XGB,Scenario 1 (V2I - Day - Location A),chronological,0,Max-Min,48.45360824742268,92.98969072164948,0.3271788990238695,25.6908673861956,0.99831438816356,0.9999999999979167,2.352771043777466,7.996320724487304e-05,14.53608247422681
42,NB,Scenario 1 (V2I - Day - Location A),chronological,0,Max-SNR,38.35051546391753,94.02061855670102,0.3706352996630653,26.606968383499616,0.9986979467904398,0.9999999999979167,0.018804550170898438,1.8820762634277343e-05,8.577319587628871
42,NB,Scenario 1 (V2I - Day - Location A),chronological,0,Round-Robin,38.35051546391753,94.02061855670102,0.3706352996630653,2.6606968383499616,0.9986979467904391,0.9999999999979167,0.018804550170898438,1.8820762634277343e-05,8.577319587628871
42,NB,Scenario 1 (V2I - Day - Location A),chronological,0,Proportional-Fair,38.35051546391753,94.02061855670102,0.3706352996630653,2.680842022679909,0.8695902033145331,0.9999999999979167,0.018804550170898438,1.8820762634277343e-05,8.577319587628871
42,NB,Scenario 1 (V2I - Day - Location A),chronological,0,Max-Min,38.35051546391753,94.02061855670102,0.3706352996630653,25.691621823948477,0.9985949242971627,0.9999999999979167,0.018804550170898438,1.8820762634277343e-05,8.577319587628871
100,KNN,Scenario 1 (V2I - Day - Location A),random,0,Max-SNR,47.83505154639175,82.4742268041237,0.29682183987937955,26.652860605338947,0.9987813213657494,0.9999999999979167,0.006318330764770508,1.8506050109863282e-05,14.103092783505154
100,KNN,Scenario 1 (V2I - Day - Location A),random,0,Round-Robin,47.83505154639175,82.4742268041237,0.29682183987937955,2.665286060533895,0.9987813213657487,0.9999999999979167,0.006318330764770508,1.8506050109863282e-05,14.103092783505154
100,KNN,Scenario 1 (V2I - Day - Location A),random,0,Proportional-Fair,47.83505154639175,82.4742268041237,0.29682183987937955,2.711808832785269,0.7488353145478843,0.9999999999979167,0.006318330764770508,1.8506050109863282e-05,14.103092783505154
100,KNN,Scenario 1 (V2I - Day - Location A),random,0,Max-Min,47.83505154639175,82.4742268041237,0.29682183987937955,25.15273189988744,0.9995591516145153,0.9999999999979167,0.006318330764770508,1.8506050109863282e-05,14.103092783505154
100,NN,Scenario 1 (V2I - Day - Location A),random,0,Max-SNR,50.51546391752577,95.6701030927835,0.25316250943870033,26.66782827258354,0.9988138741582743,0.9999999999979167,13.877318620681763,2.1719932556152342e-05,14.43298969072164
100,NN,Scenario 1 (V2I - Day - Location A),random,0,Round-Robin,50.51546391752577,95.6701030927835,0.25316250943870033,2.666782827258354,0.9988138741582736,0.9999999999979167,13.877318620681763,2.1719932556152342e-05,14.43298969072164
100,NN,Scenario 1 (V2I - Day - Location A),random,0,Proportional-Fair,50.51546391752577,95.6701030927835,0.25316250943870033,2.712123896094119,0.7528021832829509,0.9999999999979167,13.877318620681763,2.1719932556152342e-05,14.43298969072164
100,NN,Scenario 1 (V2I - Day - Location A),random,0,Max-Min,50.51546391752577,95.6701030927835,0.25316250943870033,25.217689882856114,0.999557094565191,0.9999999999979167,13.877318620681763,2.1719932556152342e-05,14.43298969072164
100,RF,Scenario 1 (V2I - Day - Location A),random,0,Max-SNR,47.83505154639175,94.02061855670102,0.2605947593394703,26.66502033894795,0.9987888719319932,0.9999999999979167,0.2613704204559326,0.0004886913299560546,14.247422680412377
100,RF,Scenario 1 (V2I - Day - Location A),random,0,Round-Robin,47.83505154639175,94.02061855670102,0.2605947593394703,2.6665020338947945,0.9987888719319923,0.9999999999979167,0.2613704204559326,0.0004886913299560546,14.247422680412377
100,RF,Scenario 1 (V2I - Day - Location A),random,0,Proportional-Fair,47.83505154639175,94.02061855670102,0.2605947593394703,2.7124774335163044,0.7513618606450693,0.9999999999979167,0.2613704204559326,0.0004886913299560546,14.247422680412377
100,RF,Scenario 1 (V2I - Day - Location A),random,0,Max-Min,47.83505154639175,94.02061855670102,0.2605947593394703,25.177550647439887,0.9995376673247786,0.9999999999979167,0.2613704204559326,0.0004886913299560546,14.247422680412377
100,XGB,Scenario 1 (V2I - Day - Location A),random,0,Max-SNR,49.27835051546392,93.6082474226804,0.22546276534370688,26.67703115937579,0.9988060157762685,0.9999999999979167,2.4610040187835693,9.2620849609375e-05,15.752577319587637
100,XGB,Scenario 1 (V2I - Day - Location A),random,0,Round-Robin,49.27835051546392,93.6082474226804,0.22546276534370688,2.6677031159375786,0.9988060157762678,0.9999999999979167,2.4610040187835693,9.2620849609375e-05,15.752577319587637
100,XGB,Scenario 1 (V2I - Day - Location A),random,0,Proportional-Fair,49.27835051546392,93.6082474226804,0.22546276534370688,2.71329515422639,0.7528524317656629,0.9999999999979167,2.4610040187835693,9.2620849609375e-05,15.752577319587637
100,XGB,Scenario 1 (V2I - Day - Location A),random,0,Max-Min,49.27835051546392,93.6082474226804,0.22546276534370688,25.199540741006597,0.9995607742608804,0.9999999999979167,2.4610040187835693,9.2620849609375e-05,15.752577319587637
100,NB,Scenario 1 (V2I - Day - Location A),random,0,Max-SNR,41.649484536082475,94.43298969072164,0.3650325692841974,26.630963319682905,0.9987921650241791,0.9999999999979167,0.023699283599853516,3.9823055267333985e-05,10.907216494845365
100,NB,Scenario 1 (V2I - Day - Location A),random,0,Round-Robin,41.649484536082475,94.43298969072164,0.3650325692841974,2.6630963319682905,0.9987921650241787,0.9999999999979167,0.023699283599853516,3.9823055267333985e-05,10.907216494845365
100,NB,Scenario 1 (V2I - Day - Location A),random,0,Proportional-Fair,41.649484536082475,94.43298969072164,0.3650325692841974,2.7093099394803044,0.7459958588884281,0.9999999999979167,0.023699283599853516,3.9823055267333985e-05,10.907216494845365
100,NB,Scenario 1 (V2I - Day - Location A),random,0,Max-Min,41.649484536082475,94.43298969072164,0.3650325692841974,25.187351247411076,0.9995739914597676,0.9999999999979167,0.023699283599853516,3.9823055267333985e-05,10.907216494845365
100,KNN,Scenario 1 (V2I - Day - Location A),chronological,0,Max-SNR,47.83505154639175,78.55670103092784,0.32636900829618426,26.622226752856836,0.9986279293118895,0.9999999999979167,0.003950595855712891,1.3074874877929688e-05,12.618556701030926
100,KNN,Scenario 1 (V2I - Day - Location A),chronological,0,Round-Robin,47.83505154639175,78.55670103092784,0.32636900829618426,2.662222675285684,0.9986279293118893,0.9999999999979167,0.003950595855712891,1.3074874877929688e-05,12.618556701030926
100,KNN,Scenario 1 (V2I - Day - Location A),chronological,0,Proportional-Fair,47.83505154639175,78.55670103092784,0.32636900829618426,2.682797276575686,0.8689818052385537,0.9999999999979167,0.003950595855712891,1.3074874877929688e-05,12.618556701030926
100,KNN,Scenario 1 (V2I - Day - Location A),chronological,0,Max-Min,47.83505154639175,78.55670103092784,0.32636900829618426,25.684562683298964,0.9983433761677089,0.9999999999979167,0.003950595855712891,1.3074874877929688e-05,12.618556701030926
100,NN,Scenario 1 (V2I - Day - Location A),chronological,0,Max-SNR,48.865979381443296,95.05154639175257,0.26588458375944873,26.641713006915406,0.9986590387400583,0.9999999999979167,13.491026639938354,1.3227462768554687e-05,12.02061855670103
100,NN,Scenario 1 (V2I - Day - Location A),chronological,0,Round-Robin,48.865979381443296,95.05154639175257,0.26588458375944873,2.6641713006915406,0.9986590387400576,0.9999999999979167,13.491026639938354,1.3227462768554687e-05,12.02061855670103
100,NN,Scenario 1 (V2I - Day - Location A),chronological,0,Proportional-Fair,48.865979381443296,95.05154639175257,0.26588458375944873,2.683948843834552,0.8722493573559471,0.9999999999979167,13.491026639938354,1.3227462768554687e-05,12.02061855670103
100,NN,Scenario 1 (V2I - Day - Location A),chronological,0,Max-Min,48.865979381443296,95.05154639175257,0.26588458375944873,25.7530331290558,0.9984466517737816,0.9999999999979167,13.491026639938354,1.3227462768554687e-05,12.02061855670103
100,RF,Scenario 1 (V2I - Day - Location A),chronological,0,Max-SNR,48.45360824742268,90.30927835051547,0.3275089784997737,26.621844118273224,0.99862722616459,0.9999999999979167,0.26816391944885254,0.00047852754592895506,14.391752577319586
100,RF,Scenario 1 (V2I - Day - Location A),chronological,0,Round-Robin,48.45360824742268,90.30927835051547,0.3275089784997737,2.662184411827322,0.9986272261645892,0.9999999999979167,0.26816391944885254,0.00047852754592895506,14.391752577319586
100,RF,Scenario 1 (V2I - Day - Location A),chronological,0,Proportional-Fair,48.45360824742268,90.30927835051547,0.3275089784997737,2.682946635795028,0.8685405829242776,0.9999999999979167,0.26816391944885254,0.00047852754592895506,14.391752577319586
100,RF,Scenario 1 (V2I - Day - Location A),chronological,0,Max-Min,48.45360824742268,90.30927835051547,0.3275089784997737,25.66396593440683,0.9983387517417218,0.9999999999979167,0.26816391944885254,0.00047852754592895506,14.391752577319586
100,XGB,Scenario 1 (V2I - Day - Location A),chronological,0,Max-SNR,48.45360824742268,92.98969072164948,0.3271788990238695,26.621569210687817,0.9986277255715797,0.9999999999979167,2.7093617916107178,9.052753448486328e-05,14.701030927835056
100,XGB,Scenario 1 (V2I - Day - Location A),chronological,0,Round-Robin,48.45360824742268,92.98969072164948,0.3271788990238695,2.662156921068781,0.9986277255715791,0.9999999999979167,2.7093617916107178,9.052753448486328e-05,14.701030927835056
100,XGB,Scenario 1 (V2I - Day - Location A),chronological,0,Proportional-Fair,48.45360824742268,92.98969072164948,0.3271788990238695,2.6829096524021177,0.8679665316693141,0.9999999999979167,2.7093617916107178,9.052753448486328e-05,14.701030927835056
100,XGB,Scenario 1 (V2I - Day - Location A),chronological,0,Max-Min,48.45360824742268,92.98969072164948,0.3271788990238695,25.6908673861956,0.99831438816356,0.9999999999979167,2.7093617916107178,9.052753448486328e-05,14.701030927835056
100,NB,Scenario 1 (V2I - Day - Location A),chronological,0,Max-SNR,38.35051546391753,94.02061855670102,0.3706352996630653,26.606968383499616,0.9986979467904398,0.9999999999979167,0.022818326950073242,3.862619400024414e-05,7.711340206185572
100,NB,Scenario 1 (V2I - Day - Location A),chronological,0,Round-Robin,38.35051546391753,94.02061855670102,0.3706352996630653,2.6606968383499616,0.9986979467904391,0.9999999999979167,0.022818326950073242,3.862619400024414e-05,7.711340206185572
100,NB,Scenario 1 (V2I - Day - Location A),chronological,0,Proportional-Fair,38.35051546391753,94.02061855670102,0.3706352996630653,2.680842022679909,0.8695902033145331,0.9999999999979167,0.022818326950073242,3.862619400024414e-05,7.711340206185572
100,NB,Scenario 1 (V2I - Day - Location A),chronological,0,Max-Min,38.35051546391753,94.02061855670102,0.3706352996630653,25.691621823948477,0.9985949242971627,0.9999999999979167,0.022818326950073242,3.862619400024414e-05,7.711340206185572
2024,KNN,Scenario 1 (V2I - Day - Location A),random,1,Max-SNR,48.865979381443296,84.74226804123711,0.26943170870534255,26.650718908171704,0.9987125266790328,0.9999999999979167,0.005042076110839844,2.6204586029052734e-05,10.639175257731956
2024,KNN,Scenario 1 (V2I - Day - Location A),random,1,Round-Robin,48.865979381443296,84.74226804123711,0.26943170870534255,2.66507189081717,0.998712526679032,0.9999999999979167,0.005042076110839844,2.6204586029052734e-05,10.639175257731956
2024,KNN,Scenario 1 (V2I - Day - Location A),random,1,Proportional-Fair,48.865979381443296,84.74226804123711,0.26943170870534255,2.71166587864097,0.7533739932133945,0.9999999999979167,0.005042076110839844,2.6204586029052734e-05,10.639175257731956
2024,KNN,Scenario 1 (V2I - Day - Location A),random,1,Max-Min,48.865979381443296,84.74226804123711,0.26943170870534255,25.04766099080827,0.9993910116389968,0.9999999999979167,0.005042076110839844,2.6204586029052734e-05,10.639175257731956
2024,NN,Scenario 1 (V2I - Day - Location A),random,1,Max-SNR,49.69072164948454,96.90721649484536,0.2730834558790434,26.650878461234107,0.9987297846111924,0.9999999999979167,13.262483358383179,2.8076171875e-05,10.680412371134018
2024,NN,Scenario 1 (V2I - Day - Location A),random,1,Round-Robin,49.69072164948454,96.90721649484536,0.2730834558790434,2.6650878461234107,0.9987297846111918,0.9999999999979167,13.262483358383179,2.8076171875e-05,10.680412371134018
2024,NN,Scenario 1 (V2I - Day - Location A),random,1,Proportional-Fair,49.69072164948454,96.90721649484536,0.2730834558790434,2.7118832723467947,0.7503801802354001,0.9999999999979167,13.262483358383179,2.8076171875e-05,10.680412371134018
2024,NN,Scenario 1 (V2I - Day - Location A),random,1,Max-Min,49.69072164948454,96.90721649484536,0.2730834558790434,25.060941901900527,0.9994713720446875,0.9999999999979167,13.262483358383179,2.8076171875e-05,10.680412371134018
2024,RF,Scenario 1 (V2I - Day - Location A),random,1,Max-SNR,52.57731958762887,93.6082474226804,0.21136214639354511,26.670297807557453,0.9987344492559525,0.9999999999979167,0.30020713806152344,0.0005099630355834961,16.494845360824748
2024,RF,Scenario 1 (V2I - Day - Location A),random,1,Round-Robin,52.57731958762887,93.6082474226804,0.21136214639354511,2.6670297807557453,0.9987344492559517,0.9999999999979167,0.30020713806152344,0.0005099630355834961,16.494845360824748
2024,RF,Scenario 1 (V2I - Day - Location A),random,1,Proportional-Fair,52.57731958762887,93.6082474226804,0.21136214639354511,2.713358244617686,0.7522501462224219,0.9999999999979167,0.30020713806152344,0.0005099630355834961,16.494845360824748
2024,RF,Scenario 1 (V2I - Day - Location A),random,1,Max-Min,52.57731958762887,93.6082474226804,0.21136214639354511,25.079665492000405,0.9994514008047457,0.9999999999979167,0.30020713806152344,0.0005099630355834961,16.494845360824748
2024,XGB,Scenario 1 (V2I - Day - Location A),random,1,Max-SNR,52.78350515463918,95.25773195876288,0.2232886156757752,26.666418045087593,0.9987352571035155,0.9999999999979167,2.6616036891937256,8.45789909362793e-05,15.876288659793815
2024,XGB,Scenario 1 (V2I - Day - Location A),random,1,Round-Robin,52.78350515463918,95.25773195876288,0.2232886156757752,2.6666418045087585,0.9987352571035146,0.9999999999979167,2.6616036891937256,8.45789909362793e-05,15.876288659793815
2024,XGB,Scenario 1 (V2I - Day - Location A),random,1,Proportional-Fair,52.78350515463918,95.25773195876288,0.2232886156757752,2.7130082879643402,0.7520769322840332,0.9999999999979167,2.6616036891937256,8.45789909362793e-05,15.876288659793815
2024,XGB,Scenario 1 (V2I - Day - Location A),random,1,Max-Min,52.78350515463918,95.25773195876288,0.2232886156757752,25.082631627190388,0.9994470791593074,0.9999999999979167,2.6616036891937256,8.45789909362793e-05,15.876288659793815
2024,NB,Scenario 1 (V2I - Day - Location A),random,1,Max-SNR,41.44329896907217,96.28865979381443,0.37133321248633583,26.622023614619426,0.9987360389525832,0.9999999999979167,0.023479461669921875,3.81779670715332e-05,9.298969072164951
2024,NB,Scenario 1 (V2I - Day - Location A),random,1,Round-Robin,41.44329896907217,96.28865979381443,0.37133321248633583,2.6622023614619423,0.9987360389525825,0.9999999999979167,0.023479461669921875,3.81779670715332e-05,9.298969072164951
2024,NB,Scenario 1 (V2I - Day - Location A),random,1,Proportional-Fair,41.44329896907217,96.28865979381443,0.37133321248633583,2.7084034174087392,0.7532164046572258,0.9999999999979167,0.023479461669921875,3.81779670715332e-05,9.298969072164951
2024,NB,Scenario 1 (V2I - Day - Location A),random,1,Max-Min,41.44329896907217,96.28865979381443,0.37133321248633583,25.017061407279282,0.9994653671453192,0.9999999999979167,0.023479461669921875,3.81779670715332e-05,9.298969072164951
2024,KNN,Scenario 1 (V2I - Day - Location A),chronological,0,Max-SNR,47.83505154639175,78.55670103092784,0.32636900829618426,26.622226752856836,0.9986279293118895,0.9999999999979167,0.004379749298095703,1.486063003540039e-05,13.319587628865975
2024,KNN,Scenario 1 (V2I - Day - Location A),chronological,0,Round-Robin,47.83505154639175,78.55670103092784,0.32636900829618426,2.662222675285684,0.9986279293118893,0.9999999999979167,0.004379749298095703,1.486063003540039e-05,13.319587628865975
2024,KNN,Scenario 1 (V2I - Day - Location A),chronological,0,Proportional-Fair,47.83505154639175,78.55670103092784,0.32636900829618426,2.682797276575686,0.8689818052385537,0.9999999999979167,0.004379749298095703,1.486063003540039e-05,13.319587628865975
2024,KNN,Scenario 1 (V2I - Day - Location A),chronological,0,Max-Min,47.83505154639175,78.55670103092784,0.32636900829618426,25.684562683298964,0.9983433761677089,0.9999999999979167,0.004379749298095703,1.486063003540039e-05,13.319587628865975
2024,NN,Scenario 1 (V2I - Day - Location A),chronological,0,Max-SNR,48.04123711340206,95.05154639175257,0.2690835305074514,26.64063927038,0.9986606335644725,0.9999999999979167,13.48332405090332,2.7055740356445313e-05,10.783505154639172
2024,NN,Scenario 1 (V2I - Day - Location A),chronological,0,Round-Robin,48.04123711340206,95.05154639175257,0.2690835305074514,2.6640639270379998,0.9986606335644717,0.9999999999979167,13.48332405090332,2.7055740356445313e-05,10.783505154639172
2024,NN,Scenario 1 (V2I - Day - Location A),chronological,0,Proportional-Fair,48.04123711340206,95.05154639175257,0.2690835305074514,2.6834579298704657,0.8746883293495098,0.9999999999979167,13.48332405090332,2.7055740356445313e-05,10.783505154639172
2024,NN,Scenario 1 (V2I - Day - Location A),chronological,0,Max-Min,48.04123711340206,95.05154639175257,0.2690835305074514,25.73903362142114,0.9984616727356143,0.9999999999979167,13.48332405090332,2.7055740356445313e-05,10.783505154639172
2024,RF,Scenario 1 (V2I - Day - Location A),chronological,0,Max-SNR,49.072164948453604,90.30927835051547,0.32812951847525945,26.621250132339902,0.9986133586169753,0.9999999999979167,0.2849311828613281,0.0005172133445739746,15.608247422680407
2024,RF,Scenario 1 (V2I - Day - Location A),chronological,0,Round-Robin,49.072164948453604,90.30927835051547,0.32812951847525945,2.66212501323399,0.9986133586169744,0.9999999999979167,0.2849311828613281,0.0005172133445739746,15.608247422680407
2024,RF,Scenario 1 (V2I - Day - Location A),chronological,0,Proportional-Fair,49.072164948453604,90.30927835051547,0.32812951847525945,2.6833092007609167,0.8664438578630287,0.9999999999979167,0.2849311828613281,0.0005172133445739746,15.608247422680407
2024,RF,Scenario 1 (V2I - Day - Location A),chronological,0,Max-Min,49.072164948453604,90.30927835051547,0.32812951847525945,25.653961349600355,0.9983135950744946,0.9999999999979167,0.2849311828613281,0.0005172133445739746,15.608247422680407
2024,XGB,Scenario 1 (V2I - Day - Location A),chronological,0,Max-SNR,48.45360824742268,92.98969072164948,0.3271788990238695,26.621569210687817,0.9986277255715797,0.9999999999979167,2.3326504230499268,8.090496063232421e-05,15.97938144329897
2024,XGB,Scenario 1 (V2I - Day - Location A),chronological,0,Round-Robin,48.45360824742268,92.98969072164948,0.3271788990238695,2.662156921068781,0.9986277255715791,0.9999999999979167,2.3326504230499268,8.090496063232421e-05,15.97938144329897
2024,XGB,Scenario 1 (V2I - Day - Location A),chronological,0,Proportional-Fair,48.45360824742268,92.98969072164948,0.3271788990238695,2.6829096524021177,0.8679665316693141,0.9999999999979167,2.3326504230499268,8.090496063232421e-05,15.97938144329897
2024,XGB,Scenario 1 (V2I - Day - Location A),chronological,0,Max-Min,48.45360824742268,92.98969072164948,0.3271788990238695,25.6908673861956,0.99831438816356,0.9999999999979167,2.3326504230499268,8.090496063232421e-05,15.97938144329897
2024,NB,Scenario 1 (V2I - Day - Location A),chronological,0,Max-SNR,38.35051546391753,94.02061855670102,0.3706352996630653,26.606968383499616,0.9986979467904398,0.9999999999979167,0.013564109802246094,1.8987655639648438e-05,9.463917525773201
2024,NB,Scenario 1 (V2I - Day - Location A),chronological,0,Round-Robin,38.35051546391753,94.02061855670102,0.3706352996630653,2.6606968383499616,0.9986979467904391,0.9999999999979167,0.013564109802246094,1.8987655639648438e-05,9.463917525773201
2024,NB,Scenario 1 (V2I - Day - Location A),chronological,0,Proportional-Fair,38.35051546391753,94.02061855670102,0.3706352996630653,2.680842022679909,0.8695902033145331,0.9999999999979167,0.013564109802246094,1.8987655639648438e-05,9.463917525773201
2024,NB,Scenario 1 (V2I - Day - Location A),chronological,0,Max-Min,38.35051546391753,94.02061855670102,0.3706352996630653,25.691621823948477,0.9985949242971627,0.9999999999979167,0.013564109802246094,1.8987655639648438e-05,9.463917525773201
42,KNN,Scenario 2 (V2I - Night),random,0,Max-SNR,46.890756302521005,82.35294117647058,0.39685535035479713,28.352977607179387,0.9993444322787717,0.9999999999983051,0.004782438278198242,1.5883445739746095e-05,12.739495798319318
42,KNN,Scenario 2 (V2I - Night),random,0,Round-Robin,46.890756302521005,82.35294117647058,0.39685535035479713,2.8352977607179386,0.9993444322787712,0.9999999999983051,0.004782438278198242,1.5883445739746095e-05,12.739495798319318
42,KNN,Scenario 2 (V2I - Night),random,0,Proportional-Fair,46.890756302521005,82.35294117647058,0.39685535035479713,2.8605549775721184,0.8674491305620894,0.9999999999983051,0.004782438278198242,1.5883445739746095e-05,12.739495798319318
42,KNN,Scenario 2 (V2I - Night),random,0,Max-Min,46.890756302521005,82.35294117647058,0.39685535035479713,26.921808087533833,0.9995840131697583,0.9999999999983051,0.004782438278198242,1.5883445739746095e-05,12.739495798319318
42,NN,Scenario 2 (V2I - Night),random,0,Max-SNR,46.890756302521005,92.94117647058823,0.4513905401767004,28.333566488075302,0.9993235385074193,0.9999999999983051,16.515950679779053,2.556324005126953e-05,6.504201680672267
42,NN,Scenario 2 (V2I - Night),random,0,Round-Robin,46.890756302521005,92.94117647058823,0.4513905401767004,2.83335664880753,0.9993235385074188,0.9999999999983051,16.515950679779053,2.556324005126953e-05,6.504201680672267
42,NN,Scenario 2 (V2I - Night),random,0,Proportional-Fair,46.890756302521005,92.94117647058823,0.4513905401767004,2.8595652304813646,0.8626004498963852,0.9999999999983051,16.515950679779053,2.556324005126953e-05,6.504201680672267
42,NN,Scenario 2 (V2I - Night),random,0,Max-Min,46.890756302521005,92.94117647058823,0.4513905401767004,26.84983583674183,0.9995782607977539,0.9999999999983051,16.515950679779053,2.556324005126953e-05,6.504201680672267
42,RF,Scenario 2 (V2I - Night),random,0,Max-SNR,47.56302521008403,90.92436974789916,0.39095479656389465,28.356646249913247,0.9993506198276308,0.9999999999983051,0.3114445209503174,0.0005028843879699707,14.285714285714278
42,RF,Scenario 2 (V2I - Night),random,0,Round-Robin,47.56302521008403,90.92436974789916,0.39095479656389465,2.8356646249913244,0.9993506198276305,0.9999999999983051,0.3114445209503174,0.0005028843879699707,14.285714285714278
42,RF,Scenario 2 (V2I - Night),random,0,Proportional-Fair,47.56302521008403,90.92436974789916,0.39095479656389465,2.8606682049712835,0.8676161568942631,0.9999999999983051,0.3114445209503174,0.0005028843879699707,14.285714285714278
42,RF,Scenario 2 (V2I - Night),random,0,Max-Min,47.56302521008403,90.92436974789916,0.39095479656389465,26.931089274869045,0.9995779555807892,0.9999999999983051,0.3114445209503174,0.0005028843879699707,14.285714285714278
42,XGB,Scenario 2 (V2I - Night),random,0,Max-SNR,47.73109243697479,89.57983193277312,0.43964067705022414,28.340722325876843,0.9992963840318029,0.9999999999983051,2.463287353515625,0.00010993480682373047,13.193277310924373
42,XGB,Scenario 2 (V2I - Night),random,0,Round-Robin,47.73109243697479,89.57983193277312,0.43964067705022414,2.8340722325876846,0.9992963840318025,0.9999999999983051,2.463287353515625,0.00010993480682373047,13.193277310924373
42,XGB,Scenario 2 (V2I - Night),random,0,Proportional-Fair,47.73109243697479,89.57983193277312,0.43964067705022414,2.8607514870901687,0.8623810080869057,0.9999999999983051,2.463287353515625,0.00010993480682373047,13.193277310924373
42,XGB,Scenario 2 (V2I - Night),random,0,Max-Min,47.73109243697479,89.57983193277312,0.43964067705022414,26.811520585445226,0.9995452597086841,0.9999999999983051,2.463287353515625,0.00010993480682373047,13.193277310924373
42,NB,Scenario 2 (V2I - Night),random,0,Max-SNR,23.865546218487395,70.92436974789916,1.4948883700345341,27.987435696493726,0.9989240331800927,0.9999999999983051,0.013782978057861328,1.7533302307128908e-05,0.2689075630252127
42,NB,Scenario 2 (V2I - Night),random,0,Round-Robin,23.865546218487395,70.92436974789916,1.4948883700345341,2.798743569649372,0.9989240331800922,0.9999999999983051,0.013782978057861328,1.7533302307128908e-05,0.2689075630252127
42,NB,Scenario 2 (V2I - Night),random,0,Proportional-Fair,23.865546218487395,70.92436974789916,1.4948883700345341,2.8406663263164873,0.789797399950859,0.9999999999983051,0.013782978057861328,1.7533302307128908e-05,0.2689075630252127
42,NB,Scenario 2 (V2I - Night),random,0,Max-Min,23.865546218487395,70.92436974789916,1.4948883700345341,26.374881161933388,0.9998130141335803,0.9999999999983051,0.013782978057861328,1.7533302307128908e-05,0.2689075630252127
42,KNN,Scenario 2 (V2I - Night),chronological,0,Max-SNR,28.403361344537814,62.35294117647059,0.7915880324602215,27.916942208604443,0.9987696500934895,0.9999999999983051,0.00494694709777832,1.4069080352783203e-05,2.084033613445378
42,KNN,Scenario 2 (V2I - Night),chronological,0,Round-Robin,28.403361344537814,62.35294117647059,0.7915880324602215,2.7916942208604447,0.9987696500934895,0.9999999999983051,0.00494694709777832,1.4069080352783203e-05,2.084033613445378
42,KNN,Scenario 2 (V2I - Night),chronological,0,Proportional-Fair,28.403361344537814,62.35294117647059,0.7915880324602215,2.8033775942666024,0.9208221827349031,0.9999999999983051,0.00494694709777832,1.4069080352783203e-05,2.084033613445378
42,KNN,Scenario 2 (V2I - Night),chronological,0,Max-Min,28.403361344537814,62.35294117647059,0.7915880324602215,27.24782126327695,0.9988278436902636,0.9999999999983051,0.00494694709777832,1.4069080352783203e-05,2.084033613445378
42,NN,Scenario 2 (V2I - Night),chronological,0,Max-SNR,35.12605042016806,90.25210084033614,0.5825251194056373,27.987229215771446,0.9988316643612566,0.9999999999983051,16.130115032196045,4.674673080444336e-05,3.8319327731092443
42,NN,Scenario 2 (V2I - Night),chronological,0,Round-Robin,35.12605042016806,90.25210084033614,0.5825251194056373,2.7987229215771445,0.9988316643612561,0.9999999999983051,16.130115032196045,4.674673080444336e-05,3.8319327731092443
42,NN,Scenario 2 (V2I - Night),chronological,0,Proportional-Fair,35.12605042016806,90.25210084033614,0.5825251194056373,2.8100664255772614,0.9245636258461656,0.9999999999983051,16.130115032196045,4.674673080444336e-05,3.8319327731092443
42,NN,Scenario 2 (V2I - Night),chronological,0,Max-Min,35.12605042016806,90.25210084033614,0.5825251194056373,27.295745491693722,0.9988762352424347,0.9999999999983051,16.130115032196045,4.674673080444336e-05,3.8319327731092443
42,RF,Scenario 2 (V2I - Night),chronological,0,Max-SNR,28.739495798319325,78.99159663865547,0.8578265051840008,27.89475179027008,0.9987583171016037,0.9999999999983051,0.31660938262939453,0.0005285072326660156,3.8319327731092407
42,RF,Scenario 2 (V2I - Night),chronological,0,Round-Robin,28.739495798319325,78.99159663865547,0.8578265051840008,2.7894751790270083,0.998758317101603,0.9999999999983051,0.31660938262939453,0.0005285072326660156,3.8319327731092407
42,RF,Scenario 2 (V2I - Night),chronological,0,Proportional-Fair,28.739495798319325,78.99159663865547,0.8578265051840008,2.8019710718500277,0.9185369179647408,0.9999999999983051,0.31660938262939453,0.0005285072326660156,3.8319327731092407
42,RF,Scenario 2 (V2I - Night),chronological,0,Max-Min,28.739495798319325,78.99159663865547,0.8578265051840008,27.191094618562815,0.9988283550950768,0.9999999999983051,0.31660938262939453,0.0005285072326660156,3.8319327731092407
42,XGB,Scenario 2 (V2I - Night),chronological,0,Max-SNR,24.873949579831933,83.8655462184874,0.9683578652996812,27.857722900261752,0.9987421754811281,0.9999999999983051,3.1902854442596436,8.110761642456055e-05,0.6050420168067205
42,XGB,Scenario 2 (V2I - Night),chronological,0,Round-Robin,24.873949579831933,83.8655462184874,0.9683578652996812,2.7857722900261757,0.9987421754811279,0.9999999999983051,3.1902854442596436,8.110761642456055e-05,0.6050420168067205
42,XGB,Scenario 2 (V2I - Night),chronological,0,Proportional-Fair,24.873949579831933,83.8655462184874,0.9683578652996812,2.800842865695347,0.8984831264449362,0.9999999999983051,3.1902854442596436,8.110761642456055e-05,0.6050420168067205
42,XGB,Scenario 2 (V2I - Night),chronological,0,Max-Min,24.873949579831933,83.8655462184874,0.9683578652996812,27.10968249201829,0.9989053593286618,0.9999999999983051,3.1902854442596436,8.110761642456055e-05,0.6050420168067205
42,NB,Scenario 2 (V2I - Night),chronological,0,Max-SNR,26.89075630252101,71.9327731092437,1.3772583507360179,27.72084300025982,0.9985745558391599,0.9999999999983051,0.013692855834960938,1.7271041870117187e-05,2.386554621848738
42,NB,Scenario 2 (V2I - Night),chronological,0,Round-Robin,26.89075630252101,71.9327731092437,1.3772583507360179,2.7720843000259823,0.9985745558391597,0.9999999999983051,0.013692855834960938,1.7271041870117187e-05,2.386554621848738
42,NB,Scenario 2 (V2I - Night),chronological,0,Proportional-Fair,26.89075630252101,71.9327731092437,1.3772583507360179,2.7830946583917506,0.9242261184303547,0.9999999999983051,0.013692855834960938,1.7271041870117187e-05,2.386554621848738
42,NB,Scenario 2 (V2I - Night),chronological,0,Max-Min,26.89075630252101,71.9327731092437,1.3772583507360179,27.113864300030745,0.9987675072102449,0.9999999999983051,0.013692855834960938,1.7271041870117187e-05,2.386554621848738
100,KNN,Scenario 2 (V2I - Night),random,0,Max-SNR,47.05882352941176,80.67226890756302,0.38112984013342144,28.30796646596315,0.9992745501599901,0.9999999999983051,0.005113124847412109,1.526355743408203e-05,13.462184873949582
100,KNN,Scenario 2 (V2I - Night),random,0,Round-Robin,47.05882352941176,80.67226890756302,0.38112984013342144,2.830796646596315,0.9992745501599899,0.9999999999983051,0.005113124847412109,1.526355743408203e-05,13.462184873949582
100,KNN,Scenario 2 (V2I - Night),random,0,Proportional-Fair,47.05882352941176,80.67226890756302,0.38112984013342144,2.858875483033443,0.855190946849284,0.9999999999983051,0.005113124847412109,1.526355743408203e-05,13.462184873949582
100,KNN,Scenario 2 (V2I - Night),random,0,Max-Min,47.05882352941176,80.67226890756302,0.38112984013342144,26.849017191440584,0.9995742189463955,0.9999999999983051,0.005113124847412109,1.526355743408203e-05,13.462184873949582
100,NN,Scenario 2 (V2I - Night),random,0,Max-SNR,47.22689075630252,94.28571428571428,0.3964526857545403,28.302833190083767,0.999260415066297,0.9999999999983051,26.48823571205139,4.956245422363281e-05,9.159663865546214
100,NN,Scenario 2 (V2I - Night),random,0,Round-Robin,47.22689075630252,94.28571428571428,0.3964526857545403,2.830283319008377,0.9992604150662967,0.9999999999983051,26.48823571205139,4.956245422363281e-05,9.159663865546214
100,NN,Scenario 2 (V2I - Night),random,0,Proportional-Fair,47.22689075630252,94.28571428571428,0.3964526857545403,2.8589128457522976,0.8521148479633337,0.9999999999983051,26.48823571205139,4.956245422363281e-05,9.159663865546214
100,NN,Scenario 2 (V2I - Night),random,0,Max-Min,47.22689075630252,94.28571428571428,0.3964526857545403,26.830324428781157,0.999592564231373,0.9999999999983051,26.48823571205139,4.956245422363281e-05,9.159663865546214
100,RF,Scenario 2 (V2I - Night),random,0,Max-SNR,46.72268907563025,92.60504201680672,0.3804405078589117,28.308197397802477,0.9992662499533042,0.9999999999983051,0.905703067779541,0.0014099788665771485,13.159663865546214
100,RF,Scenario 2 (V2I - Night),random,0,Round-Robin,46.72268907563025,92.60504201680672,0.3804405078589117,2.8308197397802477,0.9992662499533036,0.9999999999983051,0.905703067779541,0.0014099788665771485,13.159663865546214
100,RF,Scenario 2 (V2I - Night),random,0,Proportional-Fair,46.72268907563025,92.60504201680672,0.3804405078589117,2.859137299661794,0.8538653969254908,0.9999999999983051,0.905703067779541,0.0014099788665771485,13.159663865546214
100,RF,Scenario 2 (V2I - Night),random,0,Max-Min,46.72268907563025,92.60504201680672,0.3804405078589117,26.85531756206964,0.9995377954611113,0.9999999999983051,0.905703067779541,0.0014099788665771485,13.159663865546214
100,XGB,Scenario 2 (V2I - Night),random,0,Max-SNR,48.0672268907563,90.58823529411765,0.3978881616243194,28.303811386329272,0.9992358377793825,0.9999999999983051,10.402082204818726,0.0001440143585205078,14.537815126050425
100,XGB,Scenario 2 (V2I - Night),random,0,Round-Robin,48.0672268907563,90.58823529411765,0.3978881616243194,2.830381138632927,0.9992358377793819,0.9999999999983051,10.402082204818726,0.0001440143585205078,14.537815126050425
100,XGB,Scenario 2 (V2I - Night),random,0,Proportional-Fair,48.0672268907563,90.58823529411765,0.3978881616243194,2.8596983074995106,0.8502815088535591,0.9999999999983051,10.402082204818726,0.0001440143585205078,14.537815126050425
100,XGB,Scenario 2 (V2I - Night),random,0,Max-Min,48.0672268907563,90.58823529411765,0.3978881616243194,26.812991435368716,0.9995313629072479,0.9999999999983051,10.402082204818726,0.0001440143585205078,14.537815126050425
100,NB,Scenario 2 (V2I - Night),random,0,Max-SNR,24.369747899159663,69.91596638655462,1.4392101958779986,27.953165793636817,0.9988309191836836,0.9999999999983051,0.03157448768615723,5.153894424438476e-05,1.6806722689075606
100,NB,Scenario 2 (V2I - Night),random,0,Round-Robin,24.369747899159663,69.91596638655462,1.4392101958779986,2.7953165793636816,0.9988309191836829,0.9999999999983051,0.03157448768615723,5.153894424438476e-05,1.6806722689075606
100,NB,Scenario 2 (V2I - Night),random,0,Proportional-Fair,24.369747899159663,69.91596638655462,1.4392101958779986,2.8408942414287273,0.7756384526285229,0.9999999999983051,0.03157448768615723,5.153894424438476e-05,1.6806722689075606
100,NB,Scenario 2 (V2I - Night),random,0,Max-Min,24.369747899159663,69.91596638655462,1.4392101958779986,26.389464695403113,0.9997525761773536,0.9999999999983051,0.03157448768615723,5.153894424438476e-05,1.6806722689075606
100,KNN,Scenario 2 (V2I - Night),chronological,0,Max-SNR,28.403361344537814,62.35294117647059,0.7915880324602215,27.916942208604443,0.9987696500934895,0.9999999999983051,0.010418891906738281,5.8052539825439455e-05,2.201680672268907
100,KNN,Scenario 2 (V2I - Night),chronological,0,Round-Robin,28.403361344537814,62.35294117647059,0.7915880324602215,2.7916942208604447,0.9987696500934895,0.9999999999983051,0.010418891906738281,5.8052539825439455e-05,2.201680672268907
100,KNN,Scenario 2 (V2I - Night),chronological,0,Proportional-Fair,28.403361344537814,62.35294117647059,0.7915880324602215,2.8033775942666024,0.9208221827349031,0.9999999999983051,0.010418891906738281,5.8052539825439455e-05,2.201680672268907
100,KNN,Scenario 2 (V2I - Night),chronological,0,Max-Min,28.403361344537814,62.35294117647059,0.7915880324602215,27.24782126327695,0.9988278436902636,0.9999999999983051,0.010418891906738281,5.8052539825439455e-05,2.201680672268907
100,NN,Scenario 2 (V2I - Night),chronological,0,Max-SNR,31.26050420168067,90.4201680672269,0.6371881764769529,27.968916654247288,0.9988459376429217,0.9999999999983051,47.017404317855835,6.754875183105469e-05,2.218487394957979
100,NN,Scenario 2 (V2I - Night),chronological,0,Round-Robin,31.26050420168067,90.4201680672269,0.6371881764769529,2.7968916654247287,0.9988459376429214,0.9999999999983051,47.017404317855835,6.754875183105469e-05,2.218487394957979
100,NN,Scenario 2 (V2I - Night),chronological,0,Proportional-Fair,31.26050420168067,90.4201680672269,0.6371881764769529,2.807987964502642,0.9237804259735296,0.9999999999983051,47.017404317855835,6.754875183105469e-05,2.218487394957979
100,NN,Scenario 2 (V2I - Night),chronological,0,Max-Min,31.26050420168067,90.4201680672269,0.6371881764769529,27.315473639603773,0.9989150682024046,0.9999999999983051,47.017404317855835,6.754875183105469e-05,2.218487394957979
100,RF,Scenario 2 (V2I - Night),chronological,0,Max-SNR,28.907563025210088,78.65546218487395,0.8618348645239371,27.89340895782913,0.9987505320084209,0.9999999999983051,0.8374044895172119,0.0009829354286193847,4.20168067226891
100,RF,Scenario 2 (V2I - Night),chronological,0,Round-Robin,28.907563025210088,78.65546218487395,0.8618348645239371,2.789340895782913,0.9987505320084203,0.9999999999983051,0.8374044895172119,0.0009829354286193847,4.20168067226891
100,RF,Scenario 2 (V2I - Night),chronological,0,Proportional-Fair,28.907563025210088,78.65546218487395,0.8618348645239371,2.8017178906994666,0.917814331943727,0.9999999999983051,0.8374044895172119,0.0009829354286193847,4.20168067226891
100,RF,Scenario 2 (V2I - Night),chronological,0,Max-Min,28.907563025210088,78.65546218487395,0.8618348645239371,27.204601422327926,0.9987955334643601,0.9999999999983051,0.8374044895172119,0.0009829354286193847,4.20168067226891
100,XGB,Scenario 2 (V2I - Night),chronological,0,Max-SNR,24.873949579831933,83.8655462184874,0.9683578652996812,27.857722900261752,0.9987421754811281,0.9999999999983051,10.343191623687744,0.00014293909072875976,0.0
100,XGB,Scenario 2 (V2I - Night),chronological,0,Round-Robin,24.873949579831933,83.8655462184874,0.9683578652996812,2.7857722900261757,0.9987421754811279,0.9999999999983051,10.343191623687744,0.00014293909072875976,0.0
100,XGB,Scenario 2 (V2I - Night),chronological,0,Proportional-Fair,24.873949579831933,83.8655462184874,0.9683578652996812,2.800842865695347,0.8984831264449362,0.9999999999983051,10.343191623687744,0.00014293909072875976,0.0
100,XGB,Scenario 2 (V2I - Night),chronological,0,Max-Min,24.873949579831933,83.8655462184874,0.9683578652996812,27.10968249201829,0.9989053593286618,0.9999999999983051,10.343191623687744,0.00014293909072875976,0.0
100,NB,Scenario 2 (V2I - Night),chronological,0,Max-SNR,26.89075630252101,71.9327731092437,1.3772583507360179,27.72084300025982,0.9985745558391599,0.9999999999983051,0.03197979927062988,5.3665637969970704e-05,2.4705882352941195
100,NB,Scenario 2 (V2I - Night),chronological,0,Round-Robin,26.89075630252101,71.9327731092437,1.3772583507360179,2.7720843000259823,0.9985745558391597,0.9999999999983051,0.03197979927062988,5.3665637969970704e-05,2.4705882352941195
100,NB,Scenario 2 (V2I - Night),chronological,0,Proportional-Fair,26.89075630252101,71.9327731092437,1.3772583507360179,2.7830946583917506,0.9242261184303547,0.9999999999983051,0.03197979927062988,5.3665637969970704e-05,2.4705882352941195
100,NB,Scenario 2 (V2I - Night),chronological,0,Max-Min,26.89075630252101,71.9327731092437,1.3772583507360179,27.113864300030745,0.9987675072102449,0.9999999999983051,0.03197979927062988,5.3665637969970704e-05,2.4705882352941195
2024,KNN,Scenario 2 (V2I - Night),random,0,Max-SNR,42.35294117647059,78.99159663865547,0.34745865739028,28.29655955167836,0.9992826207954641,0.9999999999983051,0.015230655670166016,6.60538673400879e-05,9.226890756302524
2024,KNN,Scenario 2 (V2I - Night),random,0,Round-Robin,42.35294117647059,78.99159663865547,0.34745865739028,2.829655955167836,0.9992826207954639,0.9999999999983051,0.015230655670166016,6.60538673400879e-05,9.226890756302524
2024,KNN,Scenario 2 (V2I - Night),random,0,Proportional-Fair,42.35294117647059,78.99159663865547,0.34745865739028,2.857716143572601,0.8512315164662687,0.9999999999983051,0.015230655670166016,6.60538673400879e-05,9.226890756302524
2024,KNN,Scenario 2 (V2I - Night),random,0,Max-Min,42.35294117647059,78.99159663865547,0.34745865739028,26.912349305247336,0.9994979365164551,0.9999999999983051,0.015230655670166016,6.60538673400879e-05,9.226890756302524
2024,NN,Scenario 2 (V2I - Night),random,0,Max-SNR,45.04201680672269,94.62184873949579,0.38706094239859484,28.284100090862076,0.999281286123953,0.9999999999983051,19.163978815078735,2.3598670959472657e-05,7.714285714285722
2024,NN,Scenario 2 (V2I - Night),random,0,Round-Robin,45.04201680672269,94.62184873949579,0.38706094239859484,2.828410009086208,0.9992812861239527,0.9999999999983051,19.163978815078735,2.3598670959472657e-05,7.714285714285722
2024,NN,Scenario 2 (V2I - Night),random,0,Proportional-Fair,45.04201680672269,94.62184873949579,0.38706094239859484,2.8562348420181207,0.8527293334675436,0.9999999999983051,19.163978815078735,2.3598670959472657e-05,7.714285714285722
2024,NN,Scenario 2 (V2I - Night),random,0,Max-Min,45.04201680672269,94.62184873949579,0.38706094239859484,26.883154581150897,0.999487292664383,0.9999999999983051,19.163978815078735,2.3598670959472657e-05,7.714285714285722
2024,RF,Scenario 2 (V2I - Night),random,0,Max-SNR,44.20168067226891,91.59663865546219,0.34708891781715673,28.297719765514824,0.9992760209281027,0.9999999999983051,0.2904341220855713,0.0005157899856567383,11.39495798319328
2024,RF,Scenario 2 (V2I - Night),random,0,Round-Robin,44.20168067226891,91.59663865546219,0.34708891781715673,2.829771976551482,0.9992760209281022,0.9999999999983051,0.2904341220855713,0.0005157899856567383,11.39495798319328
2024,RF,Scenario 2 (V2I - Night),random,0,Proportional-Fair,44.20168067226891,91.59663865546219,0.34708891781715673,2.857707286780121,0.8520671045841371,0.9999999999983051,0.2904341220855713,0.0005157899856567383,11.39495798319328
2024,RF,Scenario 2 (V2I - Night),random,0,Max-Min,44.20168067226891,91.59663865546219,0.34708891781715673,26.918708406757677,0.9994476171196,0.9999999999983051,0.2904341220855713,0.0005157899856567383,11.39495798319328
2024,XGB,Scenario 2 (V2I - Night),random,0,Max-SNR,44.537815126050425,91.26050420168067,0.331378812313366,28.301988575751366,0.9992834914276021,0.9999999999983051,2.5973050594329834,0.00011052608489990234,10.840336134453786
2024,XGB,Scenario 2 (V2I - Night),random,0,Round-Robin,44.537815126050425,91.26050420168067,0.331378812313366,2.830198857575136,0.9992834914276011,0.9999999999983051,2.5973050594329834,0.00011052608489990234,10.840336134453786
2024,XGB,Scenario 2 (V2I - Night),random,0,Proportional-Fair,44.537815126050425,91.26050420168067,0.331378812313366,2.8579714649694195,0.8535907676870367,0.9999999999983051,2.5973050594329834,0.00011052608489990234,10.840336134453786
2024,XGB,Scenario 2 (V2I - Night),random,0,Max-Min,44.537815126050425,91.26050420168067,0.331378812313366,26.91479594268399,0.9994948166893924,0.9999999999983051,2.5973050594329834,0.00011052608489990234,10.840336134453786
2024,NB,Scenario 2 (V2I - Night),random,0,Max-SNR,24.03361344537815,67.89915966386555,1.4087215268814945,27.94853531025382,0.998875249583827,0.9999999999983051,0.013610601425170898,1.7175674438476564e-05,1.0084033613445378
2024,NB,Scenario 2 (V2I - Night),random,0,Round-Robin,24.03361344537815,67.89915966386555,1.4087215268814945,2.794853531025382,0.9988752495838268,0.9999999999983051,0.013610601425170898,1.7175674438476564e-05,1.0084033613445378
2024,NB,Scenario 2 (V2I - Night),random,0,Proportional-Fair,24.03361344537815,67.89915966386555,1.4087215268814945,2.839097224370588,0.7779360969076876,0.9999999999983051,0.013610601425170898,1.7175674438476564e-05,1.0084033613445378
2024,NB,Scenario 2 (V2I - Night),random,0,Max-Min,24.03361344537815,67.89915966386555,1.4087215268814945,26.404068290703812,0.9997773219656761,0.9999999999983051,0.013610601425170898,1.7175674438476564e-05,1.0084033613445378
2024,KNN,Scenario 2 (V2I - Night),chronological,0,Max-SNR,28.403361344537814,62.35294117647059,0.7915880324602215,27.916942208604443,0.9987696500934895,0.9999999999983051,0.007109165191650391,1.8069744110107423e-05,3.428571428571427
2024,KNN,Scenario 2 (V2I - Night),chronological,0,Round-Robin,28.403361344537814,62.35294117647059,0.7915880324602215,2.7916942208604447,0.9987696500934895,0.9999999999983051,0.007109165191650391,1.8069744110107423e-05,3.428571428571427
2024,KNN,Scenario 2 (V2I - Night),chronological,0,Proportional-Fair,28.403361344537814,62.35294117647059,0.7915880324602215,2.8033775942666024,0.9208221827349031,0.9999999999983051,0.007109165191650391,1.8069744110107423e-05,3.428571428571427
2024,KNN,Scenario 2 (V2I - Night),chronological,0,Max-Min,28.403361344537814,62.35294117647059,0.7915880324602215,27.24782126327695,0.9988278436902636,0.9999999999983051,0.007109165191650391,1.8069744110107423e-05,3.428571428571427
2024,NN,Scenario 2 (V2I - Night),chronological,0,Max-SNR,39.15966386554622,92.10084033613445,0.5483612689748688,27.998674379033417,0.9988234582840452,0.9999999999983051,16.89651107788086,1.4352798461914063e-05,5.69747899159664
2024,NN,Scenario 2 (V2I - Night),chronological,0,Round-Robin,39.15966386554622,92.10084033613445,0.5483612689748688,2.7998674379033415,0.9988234582840447,0.9999999999983051,16.89651107788086,1.4352798461914063e-05,5.69747899159664
2024,NN,Scenario 2 (V2I - Night),chronological,0,Proportional-Fair,39.15966386554622,92.10084033613445,0.5483612689748688,2.811864196994292,0.9204676177832727,0.9999999999983051,16.89651107788086,1.4352798461914063e-05,5.69747899159664
2024,NN,Scenario 2 (V2I - Night),chronological,0,Max-Min,39.15966386554622,92.10084033613445,0.5483612689748688,27.296139612844744,0.9989124492376408,0.9999999999983051,16.89651107788086,1.4352798461914063e-05,5.69747899159664
2024,RF,Scenario 2 (V2I - Night),chronological,0,Max-SNR,28.739495798319325,78.31932773109244,0.8715287448407577,27.89016143034874,0.9987546238225943,0.9999999999983051,0.31679868698120117,0.0006193041801452637,5.32773109243697
2024,RF,Scenario 2 (V2I - Night),chronological,0,Round-Robin,28.739495798319325,78.31932773109244,0.8715287448407577,2.7890161430348743,0.998754623822594,0.9999999999983051,0.31679868698120117,0.0006193041801452637,5.32773109243697
2024,RF,Scenario 2 (V2I - Night),chronological,0,Proportional-Fair,28.739495798319325,78.31932773109244,0.8715287448407577,2.8015045144507593,0.9173513382290227,0.9999999999983051,0.31679868698120117,0.0006193041801452637,5.32773109243697
2024,RF,Scenario 2 (V2I - Night),chronological,0,Max-Min,28.739495798319325,78.31932773109244,0.8715287448407577,27.176591333144874,0.9988347946221481,0.9999999999983051,0.31679868698120117,0.0006193041801452637,5.32773109243697
2024,XGB,Scenario 2 (V2I - Night),chronological,0,Max-SNR,24.873949579831933,83.8655462184874,0.9683578652996812,27.857722900261752,0.9987421754811281,0.9999999999983051,2.601184844970703,8.140087127685547e-05,1.394957983193276
2024,XGB,Scenario 2 (V2I - Night),chronological,0,Round-Robin,24.873949579831933,83.8655462184874,0.9683578652996812,2.7857722900261757,0.9987421754811279,0.9999999999983051,2.601184844970703,8.140087127685547e-05,1.394957983193276
2024,XGB,Scenario 2 (V2I - Night),chronological,0,Proportional-Fair,24.873949579831933,83.8655462184874,0.9683578652996812,2.800842865695347,0.8984831264449362,0.9999999999983051,2.601184844970703,8.140087127685547e-05,1.394957983193276
2024,XGB,Scenario 2 (V2I - Night),chronological,0,Max-Min,24.873949579831933,83.8655462184874,0.9683578652996812,27.10968249201829,0.9989053593286618,0.9999999999983051,2.601184844970703,8.140087127685547e-05,1.394957983193276
2024,NB,Scenario 2 (V2I - Night),chronological,0,Max-SNR,26.89075630252101,71.9327731092437,1.3772583507360179,27.72084300025982,0.9985745558391599,0.9999999999983051,0.024474143981933594,3.824710845947265e-05,1.8655462184873954
2024,NB,Scenario 2 (V2I - Night),chronological,0,Round-Robin,26.89075630252101,71.9327731092437,1.3772583507360179,2.7720843000259823,0.9985745558391597,0.9999999999983051,0.024474143981933594,3.824710845947265e-05,1.8655462184873954
2024,NB,Scenario 2 (V2I - Night),chronological,0,Proportional-Fair,26.89075630252101,71.9327731092437,1.3772583507360179,2.7830946583917506,0.9242261184303547,0.9999999999983051,0.024474143981933594,3.824710845947265e-05,1.8655462184873954
2024,NB,Scenario 2 (V2I - Night),chronological,0,Max-Min,26.89075630252101,71.9327731092437,1.3772583507360179,27.113864300030745,0.9987675072102449,0.9999999999983051,0.024474143981933594,3.824710845947265e-05,1.8655462184873954
42,KNN,Scenario 3 (V2I - Day - Location B),random,0,Max-SNR,26.845637583892618,60.738255033557046,1.4004276842592513,27.242713612003534,0.9994022266585167,0.9999999999965518,0.0031270980834960938,1.7704963684082032e-05,1.7114093959731562
42,KNN,Scenario 3 (V2I - Day - Location B),random,0,Round-Robin,26.845637583892618,60.738255033557046,1.4004276842592513,2.724271361200353,0.9994022266585146,0.9999999999965518,0.0031270980834960938,1.7704963684082032e-05,1.7114093959731562
42,KNN,Scenario 3 (V2I - Day - Location B),random,0,Proportional-Fair,26.845637583892618,60.738255033557046,1.4004276842592513,2.754234812936384,0.781844422038605,0.9999999999965518,0.0031270980834960938,1.7704963684082032e-05,1.7114093959731562
42,KNN,Scenario 3 (V2I - Day - Location B),random,0,Max-Min,26.845637583892618,60.738255033557046,1.4004276842592513,26.459224994342787,0.9999574805620558,0.9999999999965518,0.0031270980834960938,1.7704963684082032e-05,1.7114093959731562
42,NN,Scenario 3 (V2I - Day - Location B),random,0,Max-SNR,32.5503355704698,75.16778523489933,1.1681624810907574,27.32173086867138,0.9993650536847285,0.9999999999965518,8.522544622421265,1.3840198516845702e-05,2.2483221476510025
42,NN,Scenario 3 (V2I - Day - Location B),random,0,Round-Robin,32.5503355704698,75.16778523489933,1.1681624810907574,2.732173086867138,0.9993650536847271,0.9999999999965518,8.522544622421265,1.3840198516845702e-05,2.2483221476510025
42,NN,Scenario 3 (V2I - Day - Location B),random,0,Proportional-Fair,32.5503355704698,75.16778523489933,1.1681624810907574,2.7652602057417788,0.7661104405628474,0.9999999999965518,8.522544622421265,1.3840198516845702e-05,2.2483221476510025
42,NN,Scenario 3 (V2I - Day - Location B),random,0,Max-Min,32.5503355704698,75.16778523489933,1.1681624810907574,26.43511727265782,0.9999454683629816,0.9999999999965518,8.522544622421265,1.3840198516845702e-05,2.2483221476510025
42,RF,Scenario 3 (V2I - Day - Location B),random,0,Max-SNR,26.845637583892618,68.79194630872483,1.518864035876933,27.208111487746677,0.9994176549201784,0.9999999999965518,0.2975754737854004,0.0005090832710266113,3.0201342281879207
42,RF,Scenario 3 (V2I - Day - Location B),random,0,Round-Robin,26.845637583892618,68.79194630872483,1.518864035876933,2.720811148774668,0.9994176549201768,0.9999999999965518,0.2975754737854004,0.0005090832710266113,3.0201342281879207
42,RF,Scenario 3 (V2I - Day - Location B),random,0,Proportional-Fair,26.845637583892618,68.79194630872483,1.518864035876933,2.750481603601938,0.7818976258638498,0.9999999999965518,0.2975754737854004,0.0005090832710266113,3.0201342281879207
42,RF,Scenario 3 (V2I - Day - Location B),random,0,Max-Min,26.845637583892618,68.79194630872483,1.518864035876933,26.42215858725787,0.9999497211233028,0.9999999999965518,0.2975754737854004,0.0005090832710266113,3.0201342281879207
42,XGB,Scenario 3 (V2I - Day - Location B),random,0,Max-SNR,29.194630872483224,70.13422818791946,1.3526113235537092,27.26392426049732,0.999375603564726,0.9999999999965518,2.696105480194092,0.00011465787887573243,3.7919463087248317
42,XGB,Scenario 3 (V2I - Day - Location B),random,0,Round-Robin,29.194630872483224,70.13422818791946,1.3526113235537092,2.7263924260497316,0.9993756035647242,0.9999999999965518,2.696105480194092,0.00011465787887573243,3.7919463087248317
42,XGB,Scenario 3 (V2I - Day - Location B),random,0,Proportional-Fair,29.194630872483224,70.13422818791946,1.3526113235537092,2.758160836817534,0.7703431826189077,0.9999999999965518,2.696105480194092,0.00011465787887573243,3.7919463087248317
42,XGB,Scenario 3 (V2I - Day - Location B),random,0,Max-Min,29.194630872483224,70.13422818791946,1.3526113235537092,26.42472853025878,0.9999480313298573,0.9999999999965518,2.696105480194092,0.00011465787887573243,3.7919463087248317
42,NB,Scenario 3 (V2I - Day - Location B),random,0,Max-SNR,8.053691275167784,37.58389261744966,2.4055462435745607,26.904168688084674,0.9994706448712372,0.9999999999965518,0.01923656463623047,4.177570343017578e-05,0.06711409395973167
42,NB,Scenario 3 (V2I - Day - Location B),random,0,Round-Robin,8.053691275167784,37.58389261744966,2.4055462435745607,2.690416868808467,0.9994706448712352,0.9999999999965518,0.01923656463623047,4.177570343017578e-05,0.06711409395973167
42,NB,Scenario 3 (V2I - Day - Location B),random,0,Proportional-Fair,8.053691275167784,37.58389261744966,2.4055462435745607,2.718391968849609,0.7750209843408853,0.9999999999965518,0.01923656463623047,4.177570343017578e-05,0.06711409395973167
42,NB,Scenario 3 (V2I - Day - Location B),random,0,Max-Min,8.053691275167784,37.58389261744966,2.4055462435745607,26.283883582271017,0.9999874444023598,0.9999999999965518,0.01923656463623047,4.177570343017578e-05,0.06711409395973167
42,KNN,Scenario 3 (V2I - Day - Location B),chronological,0,Max-SNR,22.483221476510067,54.0268456375839,1.5030091008465785,27.038453363911735,0.9994519743247334,0.9999999999965518,0.004751920700073242,2.4406909942626954e-05,0.0
42,KNN,Scenario 3 (V2I - Day - Location B),chronological,0,Round-Robin,22.483221476510067,54.0268456375839,1.5030091008465785,2.7038453363911734,0.9994519743247315,0.9999999999965518,0.004751920700073242,2.4406909942626954e-05,0.0
42,KNN,Scenario 3 (V2I - Day - Location B),chronological,0,Proportional-Fair,22.483221476510067,54.0268456375839,1.5030091008465785,2.7173881845807744,0.8966016562546523,0.9999999999965518,0.004751920700073242,2.4406909942626954e-05,0.0
42,KNN,Scenario 3 (V2I - Day - Location B),chronological,0,Max-Min,22.483221476510067,54.0268456375839,1.5030091008465785,26.47771244790052,0.9998854827690764,0.9999999999965518,0.004751920700073242,2.4406909942626954e-05,0.0
42,NN,Scenario 3 (V2I - Day - Location B),chronological,0,Max-SNR,32.5503355704698,74.49664429530202,1.090266792521339,27.17006668343892,0.9994251640034609,0.9999999999965518,8.390230894088745,1.821279525756836e-05,1.2080536912751718
42,NN,Scenario 3 (V2I - Day - Location B),chronological,0,Round-Robin,32.5503355704698,74.49664429530202,1.090266792521339,2.7170066683438914,0.9994251640034589,0.9999999999965518,8.390230894088745,1.821279525756836e-05,1.2080536912751718
42,NN,Scenario 3 (V2I - Day - Location B),chronological,0,Proportional-Fair,32.5503355704698,74.49664429530202,1.090266792521339,2.7293196998538702,0.9120192882146737,0.9999999999965518,8.390230894088745,1.821279525756836e-05,1.2080536912751718
42,NN,Scenario 3 (V2I - Day - Location B),chronological,0,Max-Min,32.5503355704698,74.49664429530202,1.090266792521339,26.556805346914597,0.9999139459923811,0.9999999999965518,8.390230894088745,1.821279525756836e-05,1.2080536912751718
42,RF,Scenario 3 (V2I - Day - Location B),chronological,0,Max-SNR,21.812080536912752,64.09395973154362,1.5253556472302958,27.01904450047232,0.9994464610804036,0.9999999999965518,0.2807941436767578,0.0004797053337097168,0.973154362416107
42,RF,Scenario 3 (V2I - Day - Location B),chronological,0,Round-Robin,21.812080536912752,64.09395973154362,1.5253556472302958,2.701904450047232,0.999446461080402,0.9999999999965518,0.2807941436767578,0.0004797053337097168,0.973154362416107
42,RF,Scenario 3 (V2I - Day - Location B),chronological,0,Proportional-Fair,21.812080536912752,64.09395973154362,1.5253556472302958,2.7177018529373758,0.8787377394407726,0.9999999999965518,0.2807941436767578,0.0004797053337097168,0.973154362416107
42,RF,Scenario 3 (V2I - Day - Location B),chronological,0,Max-Min,21.812080536912752,64.09395973154362,1.5253556472302958,26.4643577337643,0.9998658651942213,0.9999999999965518,0.2807941436767578,0.0004797053337097168,0.973154362416107
42,XGB,Scenario 3 (V2I - Day - Location B),chronological,0,Max-SNR,23.825503355704697,65.43624161073825,1.3491868277536936,27.079438150036935,0.9994434016181858,0.9999999999965518,2.25034236907959,8.357048034667968e-05,1.5100671140939639
42,XGB,Scenario 3 (V2I - Day - Location B),chronological,0,Round-Robin,23.825503355704697,65.43624161073825,1.3491868277536936,2.707943815003693,0.9994434016181838,0.9999999999965518,2.25034236907959,8.357048034667968e-05,1.5100671140939639
42,XGB,Scenario 3 (V2I - Day - Location B),chronological,0,Proportional-Fair,23.825503355704697,65.43624161073825,1.3491868277536936,2.721928617309626,0.9002310071309388,0.9999999999965518,2.25034236907959,8.357048034667968e-05,1.5100671140939639
42,XGB,Scenario 3 (V2I - Day - Location B),chronological,0,Max-Min,23.825503355704697,65.43624161073825,1.3491868277536936,26.471442086796504,0.999898659285108,0.9999999999965518,2.25034236907959,8.357048034667968e-05,1.5100671140939639
42,NB,Scenario 3 (V2I - Day - Location B),chronological,0,Max-SNR,15.100671140939598,41.61073825503356,2.1063585927394404,26.83400163150762,0.9995748957585573,0.9999999999965518,0.010595083236694336,1.7087459564208985e-05,1.1073825503355685
42,NB,Scenario 3 (V2I - Day - Location B),chronological,0,Round-Robin,15.100671140939598,41.61073825503356,2.1063585927394404,2.6834001631507616,0.9995748957585556,0.9999999999965518,0.010595083236694336,1.7087459564208985e-05,1.1073825503355685
42,NB,Scenario 3 (V2I - Day - Location B),chronological,0,Proportional-Fair,15.100671140939598,41.61073825503356,2.1063585927394404,2.701204069697302,0.8551738737001645,0.9999999999965518,0.010595083236694336,1.7087459564208985e-05,1.1073825503355685
42,NB,Scenario 3 (V2I - Day - Location B),chronological,0,Max-Min,15.100671140939598,41.61073825503356,2.1063585927394404,26.30489939884665,0.9999639875621952,0.9999999999965518,0.010595083236694336,1.7087459564208985e-05,1.1073825503355685
100,KNN,Scenario 3 (V2I - Day - Location B),random,1,Max-SNR,23.48993288590604,52.013422818791945,1.5642030891843148,27.26100857162328,0.9994055531429836,0.9999999999965518,0.0032944679260253906,2.2220611572265626e-05,2.4832214765100673
100,KNN,Scenario 3 (V2I - Day - Location B),random,1,Round-Robin,23.48993288590604,52.013422818791945,1.5642030891843148,2.726100857162328,0.9994055531429817,0.9999999999965518,0.0032944679260253906,2.2220611572265626e-05,2.4832214765100673
100,KNN,Scenario 3 (V2I - Day - Location B),random,1,Proportional-Fair,23.48993288590604,52.013422818791945,1.5642030891843148,2.756545293488666,0.7754115410801287,0.9999999999965518,0.0032944679260253906,2.2220611572265626e-05,2.4832214765100673
100,KNN,Scenario 3 (V2I - Day - Location B),random,1,Max-Min,23.48993288590604,52.013422818791945,1.5642030891843148,26.435044494121293,0.9999068125653344,0.9999999999965518,0.0032944679260253906,2.2220611572265626e-05,2.4832214765100673
100,NN,Scenario 3 (V2I - Day - Location B),random,1,Max-SNR,28.859060402684566,64.76510067114094,1.3510905008521632,27.332781130712,0.9992779504028896,0.9999999999965518,8.277253150939941,1.287221908569336e-05,3.3221476510067127
100,NN,Scenario 3 (V2I - Day - Location B),random,1,Round-Robin,28.859060402684566,64.76510067114094,1.3510905008521632,2.7332781130712003,0.9992779504028882,0.9999999999965518,8.277253150939941,1.287221908569336e-05,3.3221476510067127
100,NN,Scenario 3 (V2I - Day - Location B),random,1,Proportional-Fair,28.859060402684566,64.76510067114094,1.3510905008521632,2.7689691095557105,0.7514282269410315,0.9999999999965518,8.277253150939941,1.287221908569336e-05,3.3221476510067127
100,NN,Scenario 3 (V2I - Day - Location B),random,1,Max-Min,28.859060402684566,64.76510067114094,1.3510905008521632,26.438575252073377,0.999928046622179,0.9999999999965518,8.277253150939941,1.287221908569336e-05,3.3221476510067127
100,RF,Scenario 3 (V2I - Day - Location B),random,1,Max-SNR,23.825503355704697,57.04697986577181,1.5369124376527907,27.271898695846634,0.9993430530281857,0.9999999999965518,0.2940948009490967,0.0004993462562561035,3.4228187919463053
100,RF,Scenario 3 (V2I - Day - Location B),random,1,Round-Robin,23.825503355704697,57.04697986577181,1.5369124376527907,2.727189869584663,0.9993430530281839,0.9999999999965518,0.2940948009490967,0.0004993462562561035,3.4228187919463053
100,RF,Scenario 3 (V2I - Day - Location B),random,1,Proportional-Fair,23.825503355704697,57.04697986577181,1.5369124376527907,2.7601686382876114,0.7646223871532126,0.9999999999965518,0.2940948009490967,0.0004993462562561035,3.4228187919463053
100,RF,Scenario 3 (V2I - Day - Location B),random,1,Max-Min,23.825503355704697,57.04697986577181,1.5369124376527907,26.433526028741564,0.9999101544117507,0.9999999999965518,0.2940948009490967,0.0004993462562561035,3.4228187919463053
100,XGB,Scenario 3 (V2I - Day - Location B),random,1,Max-SNR,24.161073825503358,62.41610738255034,1.4616297285622213,27.296453771678554,0.9993103647522945,0.9999999999965518,2.2469186782836914,0.00010311365127563477,2.9865771812080553
100,XGB,Scenario 3 (V2I - Day - Location B),random,1,Round-Robin,24.161073825503358,62.41610738255034,1.4616297285622213,2.7296453771678553,0.9993103647522928,0.9999999999965518,2.2469186782836914,0.00010311365127563477,2.9865771812080553
100,XGB,Scenario 3 (V2I - Day - Location B),random,1,Proportional-Fair,24.161073825503358,62.41610738255034,1.4616297285622213,2.764010488510831,0.7610710908067193,0.9999999999965518,2.2469186782836914,0.00010311365127563477,2.9865771812080553
100,XGB,Scenario 3 (V2I - Day - Location B),random,1,Max-Min,24.161073825503358,62.41610738255034,1.4616297285622213,26.416358090777127,0.9999130976019616,0.9999999999965518,2.2469186782836914,0.00010311365127563477,2.9865771812080553
100,NB,Scenario 3 (V2I - Day - Location B),random,1,Max-SNR,6.0402684563758395,29.86577181208054,2.8144422607030726,26.842830231244932,0.999572362621083,0.9999999999965518,0.010563373565673828,1.7275810241699217e-05,0.0
100,NB,Scenario 3 (V2I - Day - Location B),random,1,Round-Robin,6.0402684563758395,29.86577181208054,2.8144422607030726,2.684283023124493,0.9995723626210813,0.9999999999965518,0.010563373565673828,1.7275810241699217e-05,0.0
100,NB,Scenario 3 (V2I - Day - Location B),random,1,Proportional-Fair,6.0402684563758395,29.86577181208054,2.8144422607030726,2.708217388223446,0.8014816580953401,0.9999999999965518,0.010563373565673828,1.7275810241699217e-05,0.0
100,NB,Scenario 3 (V2I - Day - Location B),random,1,Max-Min,6.0402684563758395,29.86577181208054,2.8144422607030726,26.27936404591435,0.9999933685561498,0.9999999999965518,0.010563373565673828,1.7275810241699217e-05,0.0
100,KNN,Scenario 3 (V2I - Day - Location B),chronological,0,Max-SNR,22.483221476510067,54.0268456375839,1.5030091008465785,27.038453363911735,0.9994519743247334,0.9999999999965518,0.00401616096496582,1.9214153289794923e-05,0.0
100,KNN,Scenario 3 (V2I - Day - Location B),chronological,0,Round-Robin,22.483221476510067,54.0268456375839,1.5030091008465785,2.7038453363911734,0.9994519743247315,0.9999999999965518,0.00401616096496582,1.9214153289794923e-05,0.0
100,KNN,Scenario 3 (V2I - Day - Location B),chronological,0,Proportional-Fair,22.483221476510067,54.0268456375839,1.5030091008465785,2.7173881845807744,0.8966016562546523,0.9999999999965518,0.00401616096496582,1.9214153289794923e-05,0.0
100,KNN,Scenario 3 (V2I - Day - Location B),chronological,0,Max-Min,22.483221476510067,54.0268456375839,1.5030091008465785,26.47771244790052,0.9998854827690764,0.9999999999965518,0.00401616096496582,1.9214153289794923e-05,0.0
100,NN,Scenario 3 (V2I - Day - Location B),chronological,0,Max-SNR,29.194630872483224,69.46308724832215,1.206911075291918,27.1297090321131,0.9993820199684309,0.9999999999965518,8.18156909942627,1.7631053924560548e-05,0.5369127516778498
100,NN,Scenario 3 (V2I - Day - Location B),chronological,0,Round-Robin,29.194630872483224,69.46308724832215,1.206911075291918,2.71297090321131,0.9993820199684289,0.9999999999965518,8.18156909942627,1.7631053924560548e-05,0.5369127516778498
100,NN,Scenario 3 (V2I - Day - Location B),chronological,0,Proportional-Fair,29.194630872483224,69.46308724832215,1.206911075291918,2.72726513250945,0.9005057930946825,0.9999999999965518,8.18156909942627,1.7631053924560548e-05,0.5369127516778498
100,NN,Scenario 3 (V2I - Day - Location B),chronological,0,Max-Min,29.194630872483224,69.46308724832215,1.206911075291918,26.451513703250267,0.9999404226364871,0.9999999999965518,8.18156909942627,1.7631053924560548e-05,0.5369127516778498
100,RF,Scenario 3 (V2I - Day - Location B),chronological,0,Max-SNR,23.48993288590604,66.44295302013423,1.518950310332471,27.017856299874705,0.9994414159572285,0.9999999999965518,0.2934575080871582,0.0005047345161437989,2.4496644295301984
100,RF,Scenario 3 (V2I - Day - Location B),chronological,0,Round-Robin,23.48993288590604,66.44295302013423,1.518950310332471,2.7017856299874703,0.9994414159572269,0.9999999999965518,0.2934575080871582,0.0005047345161437989,2.4496644295301984
100,RF,Scenario 3 (V2I - Day - Location B),chronological,0,Proportional-Fair,23.48993288590604,66.44295302013423,1.518950310332471,2.7168544652314255,0.8883967802525145,0.9999999999965518,0.2934575080871582,0.0005047345161437989,2.4496644295301984
100,RF,Scenario 3 (V2I - Day - Location B),chronological,0,Max-Min,23.48993288590604,66.44295302013423,1.518950310332471,26.427289146431768,0.9999062101451716,0.9999999999965518,0.2934575080871582,0.0005047345161437989,2.4496644295301984
100,XGB,Scenario 3 (V2I - Day - Location B),chronological,0,Max-SNR,23.825503355704697,65.43624161073825,1.3491868277536936,27.079438150036935,0.9994434016181858,0.9999999999965518,2.107814073562622,7.859230041503906e-05,1.61073825503356
100,XGB,Scenario 3 (V2I - Day - Location B),chronological,0,Round-Robin,23.825503355704697,65.43624161073825,1.3491868277536936,2.707943815003693,0.9994434016181838,0.9999999999965518,2.107814073562622,7.859230041503906e-05,1.61073825503356
100,XGB,Scenario 3 (V2I - Day - Location B),chronological,0,Proportional-Fair,23.825503355704697,65.43624161073825,1.3491868277536936,2.721928617309626,0.9002310071309388,0.9999999999965518,2.107814073562622,7.859230041503906e-05,1.61073825503356
100,XGB,Scenario 3 (V2I - Day - Location B),chronological,0,Max-Min,23.825503355704697,65.43624161073825,1.3491868277536936,26.471442086796504,0.999898659285108,0.9999999999965518,2.107814073562622,7.859230041503906e-05,1.61073825503356
100,NB,Scenario 3 (V2I - Day - Location B),chronological,0,Max-SNR,15.100671140939598,41.61073825503356,2.1063585927394404,26.83400163150762,0.9995748957585573,0.9999999999965518,0.0104827880859375,1.6927719116210938e-05,0.6375838926174495
100,NB,Scenario 3 (V2I - Day - Location B),chronological,0,Round-Robin,15.100671140939598,41.61073825503356,2.1063585927394404,2.6834001631507616,0.9995748957585556,0.9999999999965518,0.0104827880859375,1.6927719116210938e-05,0.6375838926174495
100,NB,Scenario 3 (V2I - Day - Location B),chronological,0,Proportional-Fair,15.100671140939598,41.61073825503356,2.1063585927394404,2.701204069697302,0.8551738737001645,0.9999999999965518,0.0104827880859375,1.6927719116210938e-05,0.6375838926174495
100,NB,Scenario 3 (V2I - Day - Location B),chronological,0,Max-Min,15.100671140939598,41.61073825503356,2.1063585927394404,26.30489939884665,0.9999639875621952,0.9999999999965518,0.0104827880859375,1.6927719116210938e-05,0.6375838926174495
2024,KNN,Scenario 3 (V2I - Day - Location B),random,1,Max-SNR,24.496644295302016,55.033557046979865,1.5890650894652776,27.24103664851845,0.9994964352890046,0.9999999999965518,0.002636432647705078,1.4717578887939452e-05,2.2147651006711477
2024,KNN,Scenario 3 (V2I - Day - Location B),random,1,Round-Robin,24.496644295302016,55.033557046979865,1.5890650894652776,2.7241036648518446,0.9994964352890031,0.9999999999965518,0.002636432647705078,1.4717578887939452e-05,2.2147651006711477
2024,KNN,Scenario 3 (V2I - Day - Location B),random,1,Proportional-Fair,24.496644295302016,55.033557046979865,1.5890650894652776,2.748950762807628,0.8136684476639093,0.9999999999965518,0.002636432647705078,1.4717578887939452e-05,2.2147651006711477
2024,KNN,Scenario 3 (V2I - Day - Location B),random,1,Max-Min,24.496644295302016,55.033557046979865,1.5890650894652776,26.470509102583332,0.999935954182636,0.9999999999965518,0.002636432647705078,1.4717578887939452e-05,2.2147651006711477
2024,NN,Scenario 3 (V2I - Day - Location B),random,1,Max-SNR,27.516778523489933,67.4496644295302,1.5758755226076475,27.247705345523713,0.9994222133400261,0.9999999999965518,8.48342490196228,1.3196468353271485e-05,1.5100671140939603
2024,NN,Scenario 3 (V2I - Day - Location B),random,1,Round-Robin,27.516778523489933,67.4496644295302,1.5758755226076475,2.724770534552371,0.9994222133400242,0.9999999999965518,8.48342490196228,1.3196468353271485e-05,1.5100671140939603
2024,NN,Scenario 3 (V2I - Day - Location B),random,1,Proportional-Fair,27.516778523489933,67.4496644295302,1.5758755226076475,2.7546952943497387,0.7775639857873757,0.9999999999965518,8.48342490196228,1.3196468353271485e-05,1.5100671140939603
2024,NN,Scenario 3 (V2I - Day - Location B),random,1,Max-Min,27.516778523489933,67.4496644295302,1.5758755226076475,26.459170544012427,0.9999550043142854,0.9999999999965518,8.48342490196228,1.3196468353271485e-05,1.5100671140939603
2024,RF,Scenario 3 (V2I - Day - Location B),random,1,Max-SNR,24.161073825503358,60.40268456375839,1.623824491065421,27.223882579963412,0.9995389070278534,0.9999999999965518,0.24585652351379395,0.0005017852783203125,2.214765100671144
2024,RF,Scenario 3 (V2I - Day - Location B),random,1,Round-Robin,24.161073825503358,60.40268456375839,1.623824491065421,2.7223882579963408,0.9995389070278513,0.9999999999965518,0.24585652351379395,0.0005017852783203125,2.214765100671144
2024,RF,Scenario 3 (V2I - Day - Location B),random,1,Proportional-Fair,24.161073825503358,60.40268456375839,1.623824491065421,2.7447797295838208,0.8372970830747127,0.9999999999965518,0.24585652351379395,0.0005017852783203125,2.214765100671144
2024,RF,Scenario 3 (V2I - Day - Location B),random,1,Max-Min,24.161073825503358,60.40268456375839,1.623824491065421,26.467370099720576,0.9999310350025026,0.9999999999965518,0.24585652351379395,0.0005017852783203125,2.214765100671144
2024,XGB,Scenario 3 (V2I - Day - Location B),random,1,Max-SNR,23.48993288590604,59.06040268456376,1.5526153100821571,27.246101585649726,0.9994914484377168,0.9999999999965518,2.822502374649048,0.00011559486389160156,1.442953020134226
2024,XGB,Scenario 3 (V2I - Day - Location B),random,1,Round-Robin,23.48993288590604,59.06040268456376,1.5526153100821571,2.7246101585649734,0.9994914484377155,0.9999999999965518,2.822502374649048,0.00011559486389160156,1.442953020134226
2024,XGB,Scenario 3 (V2I - Day - Location B),random,1,Proportional-Fair,23.48993288590604,59.06040268456376,1.5526153100821571,2.750549312144173,0.8047386786040039,0.9999999999965518,2.822502374649048,0.00011559486389160156,1.442953020134226
2024,XGB,Scenario 3 (V2I - Day - Location B),random,1,Max-Min,23.48993288590604,59.06040268456376,1.5526153100821571,26.464923025955198,0.9999396682230237,0.9999999999965518,2.822502374649048,0.00011559486389160156,1.442953020134226
2024,NB,Scenario 3 (V2I - Day - Location B),random,1,Max-SNR,8.724832214765101,29.86577181208054,2.5590994402893226,26.920788744903597,0.9994759363378073,0.9999999999965518,0.010900259017944336,1.719951629638672e-05,0.13422818791946334
2024,NB,Scenario 3 (V2I - Day - Location B),random,1,Round-Robin,8.724832214765101,29.86577181208054,2.5590994402893226,2.6920788744903597,0.9994759363378055,0.9999999999965518,0.010900259017944336,1.719951629638672e-05,0.13422818791946334
2024,NB,Scenario 3 (V2I - Day - Location B),random,1,Proportional-Fair,8.724832214765101,29.86577181208054,2.5590994402893226,2.723336499302928,0.7517447502891108,0.9999999999965518,0.010900259017944336,1.719951629638672e-05,0.13422818791946334
2024,NB,Scenario 3 (V2I - Day - Location B),random,1,Max-Min,8.724832214765101,29.86577181208054,2.5590994402893226,26.29572417203072,0.9999916517464372,0.9999999999965518,0.010900259017944336,1.719951629638672e-05,0.13422818791946334
2024,KNN,Scenario 3 (V2I - Day - Location B),chronological,0,Max-SNR,22.483221476510067,54.0268456375839,1.5030091008465785,27.038453363911735,0.9994519743247334,0.9999999999965518,0.003251791000366211,2.070426940917969e-05,0.0
2024,KNN,Scenario 3 (V2I - Day - Location B),chronological,0,Round-Robin,22.483221476510067,54.0268456375839,1.5030091008465785,2.7038453363911734,0.9994519743247315,0.9999999999965518,0.003251791000366211,2.070426940917969e-05,0.0
2024,KNN,Scenario 3 (V2I - Day - Location B),chronological,0,Proportional-Fair,22.483221476510067,54.0268456375839,1.5030091008465785,2.7173881845807744,0.8966016562546523,0.9999999999965518,0.003251791000366211,2.070426940917969e-05,0.0
2024,KNN,Scenario 3 (V2I - Day - Location B),chronological,0,Max-Min,22.483221476510067,54.0268456375839,1.5030091008465785,26.47771244790052,0.9998854827690764,0.9999999999965518,0.003251791000366211,2.070426940917969e-05,0.0
2024,NN,Scenario 3 (V2I - Day - Location B),chronological,0,Max-SNR,30.536912751677853,71.14093959731544,1.1528548987701,27.15101245886221,0.9993959643348156,0.9999999999965518,8.364113092422485,2.32696533203125e-05,0.5369127516778534
2024,NN,Scenario 3 (V2I - Day - Location B),chronological,0,Round-Robin,30.536912751677853,71.14093959731544,1.1528548987701,2.715101245886221,0.9993959643348137,0.9999999999965518,8.364113092422485,2.32696533203125e-05,0.5369127516778534
2024,NN,Scenario 3 (V2I - Day - Location B),chronological,0,Proportional-Fair,30.536912751677853,71.14093959731544,1.1528548987701,2.7281163388043135,0.9065114386497473,0.9999999999965518,8.364113092422485,2.32696533203125e-05,0.5369127516778534
2024,NN,Scenario 3 (V2I - Day - Location B),chronological,0,Max-Min,30.536912751677853,71.14093959731544,1.1528548987701,26.53073050459539,0.9998990649873333,0.9999999999965518,8.364113092422485,2.32696533203125e-05,0.5369127516778534
2024,RF,Scenario 3 (V2I - Day - Location B),chronological,0,Max-SNR,21.140939597315437,64.42953020134227,1.4782533226021743,27.036154043771752,0.9994269816027804,0.9999999999965518,0.2608489990234375,0.00048318862915039065,1.0738255033557067
2024,RF,Scenario 3 (V2I - Day - Location B),chronological,0,Round-Robin,21.140939597315437,64.42953020134227,1.4782533226021743,2.7036154043771754,0.9994269816027788,0.9999999999965518,0.2608489990234375,0.00048318862915039065,1.0738255033557067
2024,RF,Scenario 3 (V2I - Day - Location B),chronological,0,Proportional-Fair,21.140939597315437,64.42953020134227,1.4782533226021743,2.7183362136180165,0.891078403810962,0.9999999999965518,0.2608489990234375,0.00048318862915039065,1.0738255033557067
2024,RF,Scenario 3 (V2I - Day - Location B),chronological,0,Max-Min,21.140939597315437,64.42953020134227,1.4782533226021743,26.466965637584085,0.9998949422635848,0.9999999999965518,0.2608489990234375,0.00048318862915039065,1.0738255033557067
2024,XGB,Scenario 3 (V2I - Day - Location B),chronological,0,Max-SNR,23.825503355704697,65.43624161073825,1.3491868277536936,27.079438150036935,0.9994434016181858,0.9999999999965518,2.0747246742248535,7.87496566772461e-05,1.6778523489932837
2024,XGB,Scenario 3 (V2I - Day - Location B),chronological,0,Round-Robin,23.825503355704697,65.43624161073825,1.3491868277536936,2.707943815003693,0.9994434016181838,0.9999999999965518,2.0747246742248535,7.87496566772461e-05,1.6778523489932837
2024,XGB,Scenario 3 (V2I - Day - Location B),chronological,0,Proportional-Fair,23.825503355704697,65.43624161073825,1.3491868277536936,2.721928617309626,0.9002310071309388,0.9999999999965518,2.0747246742248535,7.87496566772461e-05,1.6778523489932837
2024,XGB,Scenario 3 (V2I - Day - Location B),chronological,0,Max-Min,23.825503355704697,65.43624161073825,1.3491868277536936,26.471442086796504,0.999898659285108,0.9999999999965518,2.0747246742248535,7.87496566772461e-05,1.6778523489932837
2024,NB,Scenario 3 (V2I - Day - Location B),chronological,0,Max-SNR,15.100671140939598,41.61073825503356,2.1063585927394404,26.83400163150762,0.9995748957585573,0.9999999999965518,0.019300460815429688,3.887653350830078e-05,1.3422818791946316
2024,NB,Scenario 3 (V2I - Day - Location B),chronological,0,Round-Robin,15.100671140939598,41.61073825503356,2.1063585927394404,2.6834001631507616,0.9995748957585556,0.9999999999965518,0.019300460815429688,3.887653350830078e-05,1.3422818791946316
2024,NB,Scenario 3 (V2I - Day - Location B),chronological,0,Proportional-Fair,15.100671140939598,41.61073825503356,2.1063585927394404,2.701204069697302,0.8551738737001645,0.9999999999965518,0.019300460815429688,3.887653350830078e-05,1.3422818791946316
2024,NB,Scenario 3 (V2I - Day - Location B),chronological,0,Max-Min,15.100671140939598,41.61073825503356,2.1063585927394404,26.30489939884665,0.9999639875621952,0.9999999999965518,0.019300460815429688,3.887653350830078e-05,1.3422818791946316
