Seed,Algorithm,Scenario,SplitMode,Noise_meters,Accuracy,Accuracy_std,Drop
42,KNN,Scenario 1 (V2I - Day - Location A),random,0.5,42.98969072164949,1.7933403805414059,6.4948453608247405
42,KNN,Scenario 1 (V2I - Day - Location A),random,1.0,36.10309278350515,1.9483172373594257,13.381443298969081
42,KNN,Scenario 1 (V2I - Day - Location A),random,2.0,27.917525773195884,1.6344677264005285,21.567010309278345
42,KNN,Scenario 1 (V2I - Day - Location A),random,3.0,21.608247422680414,0.9025182939480125,27.876288659793815
42,KNN,Scenario 1 (V2I - Day - Location A),random,5.0,17.298969072164947,2.143635890865583,32.185567010309285
42,NN,Scenario 1 (V2I - Day - Location A),random,0.5,47.876288659793815,1.7779844236956792,3.670103092783499
42,NN,Scenario 1 (V2I - Day - Location A),random,1.0,40.49484536082474,1.8946647435315682,11.051546391752574
42,NN,Scenario 1 (V2I - Day - Location A),random,2.0,31.917525773195877,1.9468984138742877,19.628865979381438
42,NN,Scenario 1 (V2I - Day - Location A),random,3.0,24.164948453608247,1.7270426054739731,27.381443298969067
42,NN,Scenario 1 (V2I - Day - Location A),random,5.0,18.453608247422682,2.3458988846950137,33.09278350515463
42,RF,Scenario 1 (V2I - Day - Location A),random,0.5,43.628865979381445,1.876628495337363,6.268041237113401
42,RF,Scenario 1 (V2I - Day - Location A),random,1.0,35.1958762886598,2.2812175830876025,14.701030927835049
42,RF,Scenario 1 (V2I - Day - Location A),random,2.0,27.443298969072167,1.6272992595773723,22.45360824742268
42,RF,Scenario 1 (V2I - Day - Location A),random,3.0,21.917525773195877,1.8943281436277735,27.97938144329897
42,RF,Scenario 1 (V2I - Day - Location A),random,5.0,16.969072164948454,2.251202722912637,32.927835051546396
42,XGB,Scenario 1 (V2I - Day - Location A),random,0.5,43.670103092783506,1.7803738676225083,8.08247422680413
42,XGB,Scenario 1 (V2I - Day - Location A),random,1.0,35.4639175257732,1.675059464873396,16.28865979381444
42,XGB,Scenario 1 (V2I - Day - Location A),random,2.0,27.97938144329897,1.271180424065844,23.773195876288668
42,XGB,Scenario 1 (V2I - Day - Location A),random,3.0,21.54639175257732,1.088105138305877,30.206185567010316
42,XGB,Scenario 1 (V2I - Day - Location A),random,5.0,16.51546391752577,1.950498027428004,35.237113402061865
42,NB,Scenario 1 (V2I - Day - Location A),random,0.5,35.21649484536082,1.4338423629454624,2.9278350515463956
42,NB,Scenario 1 (V2I - Day - Location A),random,1.0,28.61855670103093,1.1057391899209834,9.525773195876287
42,NB,Scenario 1 (V2I - Day - Location A),random,2.0,23.97938144329897,1.1774261060015854,14.164948453608247
42,NB,Scenario 1 (V2I - Day - Location A),random,3.0,17.938144329896907,1.0673962148902918,20.20618556701031
42,NB,Scenario 1 (V2I - Day - Location A),random,5.0,14.288659793814432,1.0675953374020302,23.855670103092784
42,KNN,Scenario 1 (V2I - Day - Location A),chronological,0.5,40.20618556701031,1.4982187319245317,7.628865979381445
42,KNN,Scenario 1 (V2I - Day - Location A),chronological,1.0,34.76288659793814,1.0358644690375653,13.072164948453612
42,KNN,Scenario 1 (V2I - Day - Location A),chronological,2.0,26.556701030927837,1.463191340141045,21.278350515463917
42,KNN,Scenario 1 (V2I - Day - Location A),chronological,3.0,20.185567010309278,1.5903043462493733,27.649484536082475
42,KNN,Scenario 1 (V2I - Day - Location A),chronological,5.0,15.072164948453608,1.4475636551313893,32.76288659793815
42,NN,Scenario 1 (V2I - Day - Location A),chronological,0.5,43.93814432989691,0.8321829307468283,5.134020618556697
42,NN,Scenario 1 (V2I - Day - Location A),chronological,1.0,37.44329896907216,1.9629905542947481,11.628865979381445
42,NN,Scenario 1 (V2I - Day - Location A),chronological,2.0,28.659793814432994,1.1479926521299013,20.41237113402061
42,NN,Scenario 1 (V2I - Day - Location A),chronological,3.0,22.639175257731956,1.987953945269104,26.432989690721648
42,NN,Scenario 1 (V2I - Day - Location A),chronological,5.0,16.92783505154639,1.7286418902039735,32.144329896907216
42,RF,Scenario 1 (V2I - Day - Location A),chronological,0.5,40.329896907216494,1.4261126982095311,8.329896907216494
42,RF,Scenario 1 (V2I - Day - Location A),chronological,1.0,33.71134020618557,1.7814480717767296,14.94845360824742
42,RF,Scenario 1 (V2I - Day - Location A),chronological,2.0,25.567010309278352,1.9363887640204371,23.092783505154635
42,RF,Scenario 1 (V2I - Day - Location A),chronological,3.0,19.77319587628866,2.1965295964409948,28.886597938144327
42,RF,Scenario 1 (V2I - Day - Location A),chronological,5.0,15.422680412371133,1.5257731958762881,33.23711340206185
42,XGB,Scenario 1 (V2I - Day - Location A),chronological,0.5,39.79381443298969,1.8441797752575566,8.659793814432987
42,XGB,Scenario 1 (V2I - Day - Location A),chronological,1.0,33.91752577319587,1.6449680434464489,14.53608247422681
42,XGB,Scenario 1 (V2I - Day - Location A),chronological,2.0,25.27835051546392,1.537984016410023,23.17525773195876
42,XGB,Scenario 1 (V2I - Day - Location A),chronological,3.0,19.1340206185567,1.8344722820235235,29.31958762886598
42,XGB,Scenario 1 (V2I - Day - Location A),chronological,5.0,14.371134020618559,1.257731958762886,34.08247422680412
42,NB,Scenario 1 (V2I - Day - Location A),chronological,0.5,33.91752577319587,1.5546172986510771,4.432989690721662
42,NB,Scenario 1 (V2I - Day - Location A),chronological,1.0,29.77319587628866,1.5435024554402386,8.577319587628871
42,NB,Scenario 1 (V2I - Day - Location A),chronological,2.0,23.25773195876289,1.857501959514261,15.092783505154642
42,NB,Scenario 1 (V2I - Day - Location A),chronological,3.0,17.463917525773194,1.4166914133032487,20.886597938144337
42,NB,Scenario 1 (V2I - Day - Location A),chronological,5.0,13.278350515463918,0.5547886204978847,25.07216494845361
100,KNN,Scenario 1 (V2I - Day - Location A),random,0.5,40.96907216494846,1.7904934301331525,6.865979381443296
100,KNN,Scenario 1 (V2I - Day - Location A),random,1.0,33.7319587628866,1.365191369669844,14.103092783505154
100,KNN,Scenario 1 (V2I - Day - Location A),random,2.0,27.36082474226804,2.1249120817308076,20.474226804123713
100,KNN,Scenario 1 (V2I - Day - Location A),random,3.0,21.443298969072167,1.4666737520642257,26.391752577319586
100,KNN,Scenario 1 (V2I - Day - Location A),random,5.0,15.773195876288659,1.3746563547037762,32.06185567010309
100,NN,Scenario 1 (V2I - Day - Location A),random,0.5,43.34020618556701,1.5697209328391162,7.175257731958759
100,NN,Scenario 1 (V2I - Day - Location A),random,1.0,36.08247422680413,1.3583232240825251,14.43298969072164
100,NN,Scenario 1 (V2I - Day - Location A),random,2.0,27.71134020618557,1.2849844495573504,22.8041237113402
100,NN,Scenario 1 (V2I - Day - Location A),random,3.0,22.639175257731956,1.3763562283116397,27.876288659793815
100,NN,Scenario 1 (V2I - Day - Location A),random,5.0,16.350515463917525,0.7662228526211157,34.16494845360825
100,RF,Scenario 1 (V2I - Day - Location A),random,0.5,41.608247422680414,0.9349100246395583,6.226804123711339
100,RF,Scenario 1 (V2I - Day - Location A),random,1.0,33.587628865979376,1.8290182295789774,14.247422680412377
100,RF,Scenario 1 (V2I - Day - Location A),random,2.0,26.309278350515463,1.6602739908616417,21.52577319587629
100,RF,Scenario 1 (V2I - Day - Location A),random,3.0,21.113402061855673,1.423128571277311,26.72164948453608
100,RF,Scenario 1 (V2I - Day - Location A),random,5.0,15.75257731958763,1.0276235706702763,32.08247422680412
100,XGB,Scenario 1 (V2I - Day - Location A),random,0.5,41.896907216494846,1.6098326842014956,7.381443298969074
100,XGB,Scenario 1 (V2I - Day - Location A),random,1.0,33.52577319587628,1.0995704433792486,15.752577319587637
100,XGB,Scenario 1 (V2I - Day - Location A),random,2.0,25.670103092783506,1.75257731958763,23.608247422680414
100,XGB,Scenario 1 (V2I - Day - Location A),random,3.0,20.453608247422682,1.4862533023455746,28.824742268041238
100,XGB,Scenario 1 (V2I - Day - Location A),random,5.0,15.216494845360822,1.7659887097207305,34.0618556701031
100,NB,Scenario 1 (V2I - Day - Location A),random,0.5,36.51546391752577,0.9241622610727827,5.134020618556704
100,NB,Scenario 1 (V2I - Day - Location A),random,1.0,30.74226804123711,1.282500745573936,10.907216494845365
100,NB,Scenario 1 (V2I - Day - Location A),random,2.0,22.88659793814433,0.809130592591694,18.762886597938145
100,NB,Scenario 1 (V2I - Day - Location A),random,3.0,18.63917525773196,1.7304853821325605,23.010309278350515
100,NB,Scenario 1 (V2I - Day - Location A),random,5.0,13.402061855670103,1.0634059346991855,28.24742268041237
100,KNN,Scenario 1 (V2I - Day - Location A),chronological,0.5,38.5979381443299,1.8367882434078406,9.237113402061851
100,KNN,Scenario 1 (V2I - Day - Location A),chronological,1.0,35.21649484536083,1.4249197973749286,12.618556701030926
100,KNN,Scenario 1 (V2I - Day - Location A),chronological,2.0,25.77319587628866,1.9560480372175553,22.061855670103093
100,KNN,Scenario 1 (V2I - Day - Location A),chronological,3.0,20.680412371134018,1.2094853093659763,27.154639175257735
100,KNN,Scenario 1 (V2I - Day - Location A),chronological,5.0,15.93814432989691,1.6131303087891669,31.896907216494846
100,NN,Scenario 1 (V2I - Day - Location A),chronological,0.5,43.44329896907216,0.8093932546965171,5.422680412371136
100,NN,Scenario 1 (V2I - Day - Location A),chronological,1.0,36.845360824742265,1.4404980185326663,12.02061855670103
100,NN,Scenario 1 (V2I - Day - Location A),chronological,2.0,27.48453608247423,1.380211791437491,21.381443298969067
100,NN,Scenario 1 (V2I - Day - Location A),chronological,3.0,22.92783505154639,1.3978104129219204,25.938144329896907
100,NN,Scenario 1 (V2I - Day - Location A),chronological,5.0,16.907216494845365,1.2776852276148178,31.95876288659793
100,RF,Scenario 1 (V2I - Day - Location A),chronological,0.5,38.70103092783505,1.9166387483892129,9.75257731958763
100,RF,Scenario 1 (V2I - Day - Location A),chronological,1.0,34.06185567010309,1.9534382321364154,14.391752577319586
100,RF,Scenario 1 (V2I - Day - Location A),chronological,2.0,24.989690721649485,1.6541172057840485,23.463917525773194
100,RF,Scenario 1 (V2I - Day - Location A),chronological,3.0,19.938144329896907,1.2678316816200577,28.51546391752577
100,RF,Scenario 1 (V2I - Day - Location A),chronological,5.0,14.824742268041238,1.6480664006921695,33.628865979381445
100,XGB,Scenario 1 (V2I - Day - Location A),chronological,0.5,38.74226804123712,1.3534633758578394,9.711340206185561
100,XGB,Scenario 1 (V2I - Day - Location A),chronological,1.0,33.75257731958762,1.466818673140818,14.701030927835056
100,XGB,Scenario 1 (V2I - Day - Location A),chronological,2.0,24.556701030927833,1.68126599025948,23.896907216494846
100,XGB,Scenario 1 (V2I - Day - Location A),chronological,3.0,19.27835051546392,1.5600769021053154,29.17525773195876
100,XGB,Scenario 1 (V2I - Day - Location A),chronological,5.0,14.742268041237114,1.1781480104875586,33.71134020618557
100,NB,Scenario 1 (V2I - Day - Location A),chronological,0.5,34.43298969072165,1.2743535785865943,3.9175257731958837
100,NB,Scenario 1 (V2I - Day - Location A),chronological,1.0,30.63917525773196,1.5490012347210669,7.711340206185572
100,NB,Scenario 1 (V2I - Day - Location A),chronological,2.0,21.092783505154635,2.2587438301153053,17.257731958762896
100,NB,Scenario 1 (V2I - Day - Location A),chronological,3.0,18.453608247422682,1.7550013557663227,19.89690721649485
100,NB,Scenario 1 (V2I - Day - Location A),chronological,5.0,13.175257731958766,1.1196844521555023,25.175257731958766
2024,KNN,Scenario 1 (V2I - Day - Location A),random,0.5,43.75257731958764,1.2935577023800529,5.113402061855659
2024,KNN,Scenario 1 (V2I - Day - Location A),random,1.0,38.22680412371134,0.8206081955518513,10.639175257731956
2024,KNN,Scenario 1 (V2I - Day - Location A),random,2.0,29.340206185567013,1.7617709136110484,19.525773195876283
2024,KNN,Scenario 1 (V2I - Day - Location A),random,3.0,23.051546391752574,1.5858873833426315,25.814432989690722
2024,KNN,Scenario 1 (V2I - Day - Location A),random,5.0,18.041237113402065,1.644968043446449,30.82474226804123
2024,NN,Scenario 1 (V2I - Day - Location A),random,0.5,45.4639175257732,1.7670716586446031,4.226804123711339
2024,NN,Scenario 1 (V2I - Day - Location A),random,1.0,39.01030927835052,1.52855694786397,10.680412371134018
2024,NN,Scenario 1 (V2I - Day - Location A),random,2.0,31.216494845360824,1.3526778941737487,18.474226804123713
2024,NN,Scenario 1 (V2I - Day - Location A),random,3.0,24.51546391752577,1.8635571223502387,25.175257731958766
2024,NN,Scenario 1 (V2I - Day - Location A),random,5.0,18.5979381443299,1.2534997240058285,31.09278350515464
2024,RF,Scenario 1 (V2I - Day - Location A),random,0.5,42.84536082474227,0.897795507508341,9.731958762886599
2024,RF,Scenario 1 (V2I - Day - Location A),random,1.0,36.08247422680412,1.0309278350515476,16.494845360824748
2024,RF,Scenario 1 (V2I - Day - Location A),random,2.0,28.12371134020618,2.259026131926159,24.45360824742269
2024,RF,Scenario 1 (V2I - Day - Location A),random,3.0,21.15463917525773,1.399026429170092,31.42268041237114
2024,RF,Scenario 1 (V2I - Day - Location A),random,5.0,17.030927835051546,0.9183941217039215,35.54639175257732
2024,XGB,Scenario 1 (V2I - Day - Location A),random,0.5,43.29896907216495,1.5702624960544145,9.484536082474229
2024,XGB,Scenario 1 (V2I - Day - Location A),random,1.0,36.907216494845365,0.8747712756946994,15.876288659793815
2024,XGB,Scenario 1 (V2I - Day - Location A),random,2.0,28.886597938144327,1.9936129281217014,23.896907216494853
2024,XGB,Scenario 1 (V2I - Day - Location A),random,3.0,21.216494845360828,1.5578953566897804,31.567010309278352
2024,XGB,Scenario 1 (V2I - Day - Location A),random,5.0,16.82474226804124,1.1072760067709329,35.95876288659794
2024,NB,Scenario 1 (V2I - Day - Location A),random,0.5,38.18556701030927,2.58645802566049,3.2577319587628963
2024,NB,Scenario 1 (V2I - Day - Location A),random,1.0,32.144329896907216,1.5079764538743547,9.298969072164951
2024,NB,Scenario 1 (V2I - Day - Location A),random,2.0,25.567010309278352,1.5484522355066876,15.876288659793815
2024,NB,Scenario 1 (V2I - Day - Location A),random,3.0,20.061855670103093,1.434583405096821,21.381443298969074
2024,NB,Scenario 1 (V2I - Day - Location A),random,5.0,15.216494845360824,1.4368042383657191,26.226804123711343
2024,KNN,Scenario 1 (V2I - Day - Location A),chronological,0.5,40.30927835051547,1.6578396641422823,7.525773195876283
2024,KNN,Scenario 1 (V2I - Day - Location A),chronological,1.0,34.51546391752578,2.06432841414991,13.319587628865975
2024,KNN,Scenario 1 (V2I - Day - Location A),chronological,2.0,26.639175257731956,1.6412163911037034,21.195876288659797
2024,KNN,Scenario 1 (V2I - Day - Location A),chronological,3.0,20.701030927835053,2.0622680000082454,27.1340206185567
2024,KNN,Scenario 1 (V2I - Day - Location A),chronological,5.0,15.75257731958763,0.9044005030705694,32.08247422680412
2024,NN,Scenario 1 (V2I - Day - Location A),chronological,0.5,43.97938144329896,1.5011951875684448,4.0618556701031
2024,NN,Scenario 1 (V2I - Day - Location A),chronological,1.0,37.25773195876289,1.3584797039199301,10.783505154639172
2024,NN,Scenario 1 (V2I - Day - Location A),chronological,2.0,28.680412371134018,1.4679775267074278,19.360824742268044
2024,NN,Scenario 1 (V2I - Day - Location A),chronological,3.0,22.927835051546392,1.5885657966398536,25.11340206185567
2024,NN,Scenario 1 (V2I - Day - Location A),chronological,5.0,16.72164948453608,1.4737581260625516,31.319587628865982
2024,RF,Scenario 1 (V2I - Day - Location A),chronological,0.5,40.28865979381443,1.217018933061747,8.783505154639172
2024,RF,Scenario 1 (V2I - Day - Location A),chronological,1.0,33.4639175257732,1.7053677923094601,15.608247422680407
2024,RF,Scenario 1 (V2I - Day - Location A),chronological,2.0,25.690721649484537,1.5213085975832348,23.381443298969067
2024,RF,Scenario 1 (V2I - Day - Location A),chronological,3.0,20.0,2.0473718082154906,29.072164948453604
2024,RF,Scenario 1 (V2I - Day - Location A),chronological,5.0,14.824742268041238,1.0245161442313266,34.24742268041237
2024,XGB,Scenario 1 (V2I - Day - Location A),chronological,0.5,39.649484536082475,1.8164234630298572,8.804123711340203
2024,XGB,Scenario 1 (V2I - Day - Location A),chronological,1.0,32.47422680412371,1.8744751630213528,15.97938144329897
2024,XGB,Scenario 1 (V2I - Day - Location A),chronological,2.0,25.938144329896907,1.604542388317008,22.51546391752577
2024,XGB,Scenario 1 (V2I - Day - Location A),chronological,3.0,19.52577319587629,1.3300167771439289,28.92783505154639
2024,XGB,Scenario 1 (V2I - Day - Location A),chronological,5.0,14.43298969072165,1.0594006250445467,34.02061855670103
2024,NB,Scenario 1 (V2I - Day - Location A),chronological,0.5,34.98969072164949,1.018690253776136,3.3608247422680435
2024,NB,Scenario 1 (V2I - Day - Location A),chronological,1.0,28.88659793814433,1.6988739839269698,9.463917525773201
2024,NB,Scenario 1 (V2I - Day - Location A),chronological,2.0,22.783505154639176,0.9093227658226779,15.567010309278356
2024,NB,Scenario 1 (V2I - Day - Location A),chronological,3.0,18.556701030927833,1.3170077874368094,19.7938144329897
2024,NB,Scenario 1 (V2I - Day - Location A),chronological,5.0,13.422680412371133,1.2213775851232895,24.9278350515464
42,KNN,Scenario 2 (V2I - Night),random,0.5,40.957983193277315,1.4633434992295948,5.932773109243691
42,KNN,Scenario 2 (V2I - Night),random,1.0,34.15126050420169,2.04711125762489,12.739495798319318
42,KNN,Scenario 2 (V2I - Night),random,2.0,26.35294117647059,1.5958423489706512,20.537815126050415
42,KNN,Scenario 2 (V2I - Night),random,3.0,23.2436974789916,1.8070939622433935,23.647058823529406
42,KNN,Scenario 2 (V2I - Night),random,5.0,16.33613445378151,0.9707246439121782,30.554621848739494
42,NN,Scenario 2 (V2I - Night),random,0.5,44.67226890756302,1.5600405224702232,2.2184873949579824
42,NN,Scenario 2 (V2I - Night),random,1.0,40.38655462184874,1.3404349164094385,6.504201680672267
42,NN,Scenario 2 (V2I - Night),random,2.0,30.773109243697473,1.2199643323670246,16.117647058823533
42,NN,Scenario 2 (V2I - Night),random,3.0,25.361344537815125,2.159451318710729,21.52941176470588
42,NN,Scenario 2 (V2I - Night),random,5.0,18.655462184873947,1.4021279740917112,28.235294117647058
42,RF,Scenario 2 (V2I - Night),random,0.5,41.05882352941177,1.7024637683559638,6.50420168067226
42,RF,Scenario 2 (V2I - Night),random,1.0,33.27731092436975,2.074796552875424,14.285714285714278
42,RF,Scenario 2 (V2I - Night),random,2.0,26.067226890756302,1.6163314523595507,21.495798319327726
42,RF,Scenario 2 (V2I - Night),random,3.0,22.689075630252102,2.11657969632688,24.873949579831926
42,RF,Scenario 2 (V2I - Night),random,5.0,15.344537815126051,1.2465332195488172,32.218487394957975
42,XGB,Scenario 2 (V2I - Night),random,0.5,41.98319327731092,1.7575685999867396,5.7478991596638735
42,XGB,Scenario 2 (V2I - Night),random,1.0,34.53781512605042,1.9502317078816442,13.193277310924373
42,XGB,Scenario 2 (V2I - Night),random,2.0,26.789915966386552,1.3984970798463678,20.94117647058824
42,XGB,Scenario 2 (V2I - Night),random,3.0,23.159663865546218,2.484668048749759,24.571428571428573
42,XGB,Scenario 2 (V2I - Night),random,5.0,16.26890756302521,0.7657671092366058,31.46218487394958
42,NB,Scenario 2 (V2I - Night),random,0.5,24.60504201680672,0.7058823529411773,0.0
42,NB,Scenario 2 (V2I - Night),random,1.0,23.596638655462183,0.8171593802449221,0.2689075630252127
42,NB,Scenario 2 (V2I - Night),random,2.0,20.97478991596639,1.2728804187402676,2.8907563025210052
42,NB,Scenario 2 (V2I - Night),random,3.0,17.159663865546218,1.302819158069479,6.7058823529411775
42,NB,Scenario 2 (V2I - Night),random,5.0,13.176470588235293,1.0311167495917968,10.689075630252102
42,KNN,Scenario 2 (V2I - Night),chronological,0.5,28.638655462184875,1.2826073296362286,0.0
42,KNN,Scenario 2 (V2I - Night),chronological,1.0,26.319327731092436,2.2018731072487148,2.084033613445378
42,KNN,Scenario 2 (V2I - Night),chronological,2.0,21.697478991596636,1.5448477665610738,6.7058823529411775
42,KNN,Scenario 2 (V2I - Night),chronological,3.0,17.714285714285715,1.2804031566212386,10.689075630252098
42,KNN,Scenario 2 (V2I - Night),chronological,5.0,14.168067226890756,1.369619007185165,14.235294117647058
42,NN,Scenario 2 (V2I - Night),chronological,0.5,33.00840336134454,1.3533325807863792,2.117647058823522
42,NN,Scenario 2 (V2I - Night),chronological,1.0,31.29411764705882,1.8176142298616154,3.8319327731092443
42,NN,Scenario 2 (V2I - Night),chronological,2.0,24.957983193277308,1.935693810734914,10.168067226890756
42,NN,Scenario 2 (V2I - Night),chronological,3.0,20.319327731092436,1.8356296058066848,14.806722689075627
42,NN,Scenario 2 (V2I - Night),chronological,5.0,16.72268907563025,1.0146863091175515,18.403361344537814
42,RF,Scenario 2 (V2I - Night),chronological,0.5,26.35294117647059,1.4915433769636164,2.3865546218487346
42,RF,Scenario 2 (V2I - Night),chronological,1.0,24.907563025210084,1.460928659637025,3.8319327731092407
42,RF,Scenario 2 (V2I - Night),chronological,2.0,19.865546218487395,1.4257015166688058,8.87394957983193
42,RF,Scenario 2 (V2I - Night),chronological,3.0,16.386554621848738,1.8027119837716359,12.352941176470587
42,RF,Scenario 2 (V2I - Night),chronological,5.0,14.18487394957983,1.4125647992908024,14.554621848739496
42,XGB,Scenario 2 (V2I - Night),chronological,0.5,25.932773109243698,1.1932773109243702,0.0
42,XGB,Scenario 2 (V2I - Night),chronological,1.0,24.268907563025213,1.1329277005951406,0.6050420168067205
42,XGB,Scenario 2 (V2I - Night),chronological,2.0,19.478991596638657,1.5283032274029231,5.394957983193276
42,XGB,Scenario 2 (V2I - Night),chronological,3.0,16.134453781512605,1.560402606848425,8.739495798319329
42,XGB,Scenario 2 (V2I - Night),chronological,5.0,13.932773109243698,1.4832825454603706,10.941176470588236
42,NB,Scenario 2 (V2I - Night),chronological,0.5,26.302521008403364,0.7296905326417624,0.588235294117645
42,NB,Scenario 2 (V2I - Night),chronological,1.0,24.50420168067227,1.0990106033123912,2.386554621848738
42,NB,Scenario 2 (V2I - Night),chronological,2.0,21.193277310924373,1.0263115724888756,5.697478991596636
42,NB,Scenario 2 (V2I - Night),chronological,3.0,17.54621848739496,0.7561157565850082,9.34453781512605
42,NB,Scenario 2 (V2I - Night),chronological,5.0,13.966386554621849,0.6866117047332939,12.92436974789916
100,KNN,Scenario 2 (V2I - Night),random,0.5,40.53781512605042,1.0756302521008387,6.521008403361343
100,KNN,Scenario 2 (V2I - Night),random,1.0,33.59663865546218,1.5792060265578989,13.462184873949582
100,KNN,Scenario 2 (V2I - Night),random,2.0,25.193277310924373,1.689807107801826,21.86554621848739
100,KNN,Scenario 2 (V2I - Night),random,3.0,20.605042016806724,1.3554181615903163,26.453781512605037
100,KNN,Scenario 2 (V2I - Night),random,5.0,16.050420168067227,1.2849176419191526,31.008403361344534
100,NN,Scenario 2 (V2I - Night),random,0.5,43.63025210084034,0.9242169468818519,3.596638655462179
100,NN,Scenario 2 (V2I - Night),random,1.0,38.0672268907563,1.6709804588345514,9.159663865546214
100,NN,Scenario 2 (V2I - Night),random,2.0,29.260504201680675,1.7261903341458222,17.96638655462184
100,NN,Scenario 2 (V2I - Night),random,3.0,23.88235294117647,0.824900248188774,23.344537815126046
100,NN,Scenario 2 (V2I - Night),random,5.0,18.638655462184875,1.2451728700498463,28.58823529411764
100,RF,Scenario 2 (V2I - Night),random,0.5,38.75630252100841,1.418551115698096,7.966386554621842
100,RF,Scenario 2 (V2I - Night),random,1.0,33.563025210084035,0.9830137019085564,13.159663865546214
100,RF,Scenario 2 (V2I - Night),random,2.0,25.2436974789916,1.134422657525124,21.47899159663865
100,RF,Scenario 2 (V2I - Night),random,3.0,20.554621848739497,1.428175921523823,26.168067226890752
100,RF,Scenario 2 (V2I - Night),random,5.0,16.436974789915965,1.0022219506470977,30.285714285714285
100,XGB,Scenario 2 (V2I - Night),random,0.5,38.94117647058823,1.465272505470727,9.12605042016807
100,XGB,Scenario 2 (V2I - Night),random,1.0,33.52941176470588,0.9921661944971735,14.537815126050425
100,XGB,Scenario 2 (V2I - Night),random,2.0,24.974789915966383,1.624611223340447,23.09243697478992
100,XGB,Scenario 2 (V2I - Night),random,3.0,20.537815126050422,2.2369994127024992,27.52941176470588
100,XGB,Scenario 2 (V2I - Night),random,5.0,16.33613445378151,1.2684344379235766,31.73109243697479
100,NB,Scenario 2 (V2I - Night),random,0.5,23.899159663865547,0.8563186018727389,0.470588235294116
100,NB,Scenario 2 (V2I - Night),random,1.0,22.689075630252102,0.9596035242769877,1.6806722689075606
100,NB,Scenario 2 (V2I - Night),random,2.0,19.798319327731093,1.0354905412268474,4.571428571428569
100,NB,Scenario 2 (V2I - Night),random,3.0,17.29411764705882,1.1335508389188071,7.075630252100844
100,NB,Scenario 2 (V2I - Night),random,5.0,13.613445378151264,1.410163157203565,10.756302521008399
100,KNN,Scenario 2 (V2I - Night),chronological,0.5,28.33613445378152,1.2870043508622953,0.06722689075629518
100,KNN,Scenario 2 (V2I - Night),chronological,1.0,26.201680672268907,1.6022898662474065,2.201680672268907
100,KNN,Scenario 2 (V2I - Night),chronological,2.0,20.45378151260504,1.8609983174790274,7.949579831932773
100,KNN,Scenario 2 (V2I - Night),chronological,3.0,17.764705882352942,1.7402060824042176,10.638655462184872
100,KNN,Scenario 2 (V2I - Night),chronological,5.0,14.554621848739497,1.4343924903093688,13.848739495798316
100,NN,Scenario 2 (V2I - Night),chronological,0.5,30.840336134453782,0.9304612124817755,0.42016806722688926
100,NN,Scenario 2 (V2I - Night),chronological,1.0,29.042016806722692,1.2068116350263016,2.218487394957979
100,NN,Scenario 2 (V2I - Night),chronological,2.0,23.41176470588235,2.011266901335474,7.84873949579832
100,NN,Scenario 2 (V2I - Night),chronological,3.0,20.050420168067227,1.4281759215238239,11.210084033613445
100,NN,Scenario 2 (V2I - Night),chronological,5.0,16.033613445378148,1.3022770169956643,15.226890756302524
100,RF,Scenario 2 (V2I - Night),chronological,0.5,26.554621848739497,1.4457689524441386,2.3529411764705905
100,RF,Scenario 2 (V2I - Night),chronological,1.0,24.705882352941178,1.445768952444139,4.20168067226891
100,RF,Scenario 2 (V2I - Night),chronological,2.0,18.65546218487395,1.054948223628587,10.252100840336137
100,RF,Scenario 2 (V2I - Night),chronological,3.0,17.294117647058822,1.650913000404845,11.613445378151265
100,RF,Scenario 2 (V2I - Night),chronological,5.0,14.336134453781511,1.1645251900047058,14.571428571428577
100,XGB,Scenario 2 (V2I - Night),chronological,0.5,27.226890756302527,1.3445378151260512,0.0
100,XGB,Scenario 2 (V2I - Night),chronological,1.0,25.075630252100844,1.1015777887848037,0.0
100,XGB,Scenario 2 (V2I - Night),chronological,2.0,18.436974789915965,0.7480407759417782,6.436974789915968
100,XGB,Scenario 2 (V2I - Night),chronological,3.0,16.57142857142857,1.8010659932260589,8.302521008403364
100,XGB,Scenario 2 (V2I - Night),chronological,5.0,13.596638655462183,1.4641154067073738,11.27731092436975
100,NB,Scenario 2 (V2I - Night),chronological,0.5,26.016806722689076,0.7356661723777917,0.8739495798319332
100,NB,Scenario 2 (V2I - Night),chronological,1.0,24.42016806722689,0.6554621848739495,2.4705882352941195
100,NB,Scenario 2 (V2I - Night),chronological,2.0,20.907563025210088,1.3001061919874768,5.983193277310921
100,NB,Scenario 2 (V2I - Night),chronological,3.0,18.369747899159666,1.2167185074109759,8.521008403361343
100,NB,Scenario 2 (V2I - Night),chronological,5.0,13.546218487394958,1.0974674095673622,13.344537815126051
2024,KNN,Scenario 2 (V2I - Night),random,0.5,39.27731092436976,1.2932442758460918,3.0756302521008294
2024,KNN,Scenario 2 (V2I - Night),random,1.0,33.12605042016806,0.9726142047885905,9.226890756302524
2024,KNN,Scenario 2 (V2I - Night),random,2.0,24.756302521008404,1.69581414322472,17.596638655462183
2024,KNN,Scenario 2 (V2I - Night),random,3.0,21.126050420168063,1.24426514412636,21.226890756302524
2024,KNN,Scenario 2 (V2I - Night),random,5.0,16.11764705882353,1.1557600838288529,26.235294117647058
2024,NN,Scenario 2 (V2I - Night),random,0.5,42.201680672268914,1.053474550871586,2.8403361344537785
2024,NN,Scenario 2 (V2I - Night),random,1.0,37.32773109243697,0.7899159663865557,7.714285714285722
2024,NN,Scenario 2 (V2I - Night),random,2.0,29.075630252100837,0.9942991232100189,15.966386554621856
2024,NN,Scenario 2 (V2I - Night),random,3.0,24.369747899159663,1.183651553724976,20.67226890756303
2024,NN,Scenario 2 (V2I - Night),random,5.0,19.025210084033613,1.3504073564101298,26.01680672268908
2024,RF,Scenario 2 (V2I - Night),random,0.5,38.36974789915966,1.0470197060284057,5.831932773109244
2024,RF,Scenario 2 (V2I - Night),random,1.0,32.80672268907563,1.7003885539417463,11.39495798319328
2024,RF,Scenario 2 (V2I - Night),random,2.0,24.756302521008404,1.6891383407397964,19.445378151260503
2024,RF,Scenario 2 (V2I - Night),random,3.0,21.193277310924373,1.2984756915441145,23.008403361344534
2024,RF,Scenario 2 (V2I - Night),random,5.0,15.49579831932773,1.1443391281041482,28.705882352941178
2024,XGB,Scenario 2 (V2I - Night),random,0.5,39.260504201680675,1.4979684003467009,5.2773109243697505
2024,XGB,Scenario 2 (V2I - Night),random,1.0,33.69747899159664,1.1255486151430731,10.840336134453786
2024,XGB,Scenario 2 (V2I - Night),random,2.0,25.57983193277311,1.6685275490407876,18.957983193277315
2024,XGB,Scenario 2 (V2I - Night),random,3.0,21.915966386554622,1.5407282872424661,22.621848739495803
2024,XGB,Scenario 2 (V2I - Night),random,5.0,16.857142857142854,1.471044347034215,27.68067226890757
2024,NB,Scenario 2 (V2I - Night),random,0.5,23.647058823529413,0.8200922957146783,0.3865546218487381
2024,NB,Scenario 2 (V2I - Night),random,1.0,23.025210084033613,0.6888706397283757,1.0084033613445378
2024,NB,Scenario 2 (V2I - Night),random,2.0,20.18487394957983,0.8418473805961812,3.84873949579832
2024,NB,Scenario 2 (V2I - Night),random,3.0,17.3109243697479,1.2953175709578286,6.7226890756302495
2024,NB,Scenario 2 (V2I - Night),random,5.0,13.3109243697479,1.3079042997205859,10.722689075630251
2024,KNN,Scenario 2 (V2I - Night),chronological,0.5,28.89075630252101,1.1260504201680672,0.0
2024,KNN,Scenario 2 (V2I - Night),chronological,1.0,24.974789915966387,1.125423128926603,3.428571428571427
2024,KNN,Scenario 2 (V2I - Night),chronological,2.0,21.00840336134454,0.9174685085012562,7.394957983193272
2024,KNN,Scenario 2 (V2I - Night),chronological,3.0,17.596638655462183,0.668265389985582,10.806722689075631
2024,KNN,Scenario 2 (V2I - Night),chronological,5.0,14.016806722689077,1.3944516647187586,14.386554621848736
2024,NN,Scenario 2 (V2I - Night),chronological,0.5,36.957983193277315,0.8551633097955328,2.201680672268907
2024,NN,Scenario 2 (V2I - Night),chronological,1.0,33.46218487394958,1.452493722138654,5.69747899159664
2024,NN,Scenario 2 (V2I - Night),chronological,2.0,26.201680672268914,1.1310562257742007,12.957983193277308
2024,NN,Scenario 2 (V2I - Night),chronological,3.0,22.941176470588236,1.3153341044116413,16.218487394957986
2024,NN,Scenario 2 (V2I - Night),chronological,5.0,17.949579831932773,1.1143250053277836,21.210084033613448
2024,RF,Scenario 2 (V2I - Night),chronological,0.5,26.655462184873947,0.9689771633882065,2.084033613445378
2024,RF,Scenario 2 (V2I - Night),chronological,1.0,23.411764705882355,0.8200922957146783,5.32773109243697
2024,RF,Scenario 2 (V2I - Night),chronological,2.0,19.34453781512605,1.0480982741289988,9.394957983193276
2024,RF,Scenario 2 (V2I - Night),chronological,3.0,17.04201680672269,0.8609242672178619,11.697478991596636
2024,RF,Scenario 2 (V2I - Night),chronological,5.0,13.42857142857143,1.3929316050415776,15.310924369747895
2024,XGB,Scenario 2 (V2I - Night),chronological,0.5,26.18487394957983,1.5028631197383633,0.0
2024,XGB,Scenario 2 (V2I - Night),chronological,1.0,23.478991596638657,1.2236633041524294,1.394957983193276
2024,XGB,Scenario 2 (V2I - Night),chronological,2.0,19.478991596638657,1.573830905359256,5.394957983193276
2024,XGB,Scenario 2 (V2I - Night),chronological,3.0,16.789915966386552,0.5939696486410857,8.084033613445381
2024,XGB,Scenario 2 (V2I - Night),chronological,5.0,13.025210084033613,1.1027310724251602,11.84873949579832
2024,NB,Scenario 2 (V2I - Night),chronological,0.5,26.35294117647059,0.540957208048104,0.5378151260504183
2024,NB,Scenario 2 (V2I - Night),chronological,1.0,25.025210084033613,0.8005717891640045,1.8655462184873954
2024,NB,Scenario 2 (V2I - Night),chronological,2.0,20.95798319327731,1.2282713539894767,5.932773109243698
2024,NB,Scenario 2 (V2I - Night),chronological,3.0,17.361344537815125,1.3571883854267173,9.529411764705884
2024,NB,Scenario 2 (V2I - Night),chronological,5.0,13.966386554621849,1.3179085660581742,12.92436974789916
42,KNN,Scenario 3 (V2I - Day - Location B),random,0.5,27.04697986577181,1.8021102794761807,0.0
42,KNN,Scenario 3 (V2I - Day - Location B),random,1.0,25.13422818791946,2.0103444027852566,1.7114093959731562
42,KNN,Scenario 3 (V2I - Day - Location B),random,2.0,21.543624161073826,1.9439930681825826,5.302013422818792
42,KNN,Scenario 3 (V2I - Day - Location B),random,3.0,19.026845637583893,0.9731543624161073,7.818791946308725
42,KNN,Scenario 3 (V2I - Day - Location B),random,5.0,15.234899328859061,1.4795575627549398,11.610738255033556
42,NN,Scenario 3 (V2I - Day - Location B),random,0.5,32.013422818791945,1.1350023171334065,0.5369127516778534
42,NN,Scenario 3 (V2I - Day - Location B),random,1.0,30.302013422818796,1.73752932429525,2.2483221476510025
42,NN,Scenario 3 (V2I - Day - Location B),random,2.0,26.644295302013425,1.3770660757505486,5.906040268456373
42,NN,Scenario 3 (V2I - Day - Location B),random,3.0,22.751677852348998,1.430018506890102,9.7986577181208
42,NN,Scenario 3 (V2I - Day - Location B),random,5.0,18.187919463087248,2.2249106650001043,14.36241610738255
42,RF,Scenario 3 (V2I - Day - Location B),random,0.5,25.838926174496645,2.1116956674566807,1.0067114093959724
42,RF,Scenario 3 (V2I - Day - Location B),random,1.0,23.825503355704697,1.9624418143910662,3.0201342281879207
42,RF,Scenario 3 (V2I - Day - Location B),random,2.0,21.073825503355707,1.7933408343473003,5.771812080536911
42,RF,Scenario 3 (V2I - Day - Location B),random,3.0,18.926174496644297,1.6384638410380807,7.919463087248321
42,RF,Scenario 3 (V2I - Day - Location B),random,5.0,14.966442953020135,1.352311522121469,11.879194630872483
42,XGB,Scenario 3 (V2I - Day - Location B),random,0.5,27.852348993288594,1.1911570033086474,1.3422818791946298
42,XGB,Scenario 3 (V2I - Day - Location B),random,1.0,25.402684563758392,1.359371080572422,3.7919463087248317
42,XGB,Scenario 3 (V2I - Day - Location B),random,2.0,22.919463087248324,1.6374326038598461,6.275167785234899
42,XGB,Scenario 3 (V2I - Day - Location B),random,3.0,19.22818791946309,1.5160210735673174,9.966442953020135
42,XGB,Scenario 3 (V2I - Day - Location B),random,5.0,15.771812080536913,1.0505017343958745,13.42281879194631
42,NB,Scenario 3 (V2I - Day - Location B),random,0.5,8.322147651006711,0.46979865771812107,0.0
42,NB,Scenario 3 (V2I - Day - Location B),random,1.0,7.986577181208053,0.7165824330222356,0.06711409395973167
42,NB,Scenario 3 (V2I - Day - Location B),random,2.0,8.590604026845638,0.8247117937882219,0.0
42,NB,Scenario 3 (V2I - Day - Location B),random,3.0,7.9865771812080535,1.0156205335853392,0.06711409395973078
42,NB,Scenario 3 (V2I - Day - Location B),random,5.0,8.020134228187919,0.8935252990398886,0.03355704697986539
42,KNN,Scenario 3 (V2I - Day - Location B),chronological,0.5,23.25503355704698,1.8136334385062634,0.0
42,KNN,Scenario 3 (V2I - Day - Location B),chronological,1.0,23.221476510067117,1.5141629761984545,0.0
42,KNN,Scenario 3 (V2I - Day - Location B),chronological,2.0,20.234899328859058,2.27124446429768,2.2483221476510096
42,KNN,Scenario 3 (V2I - Day - Location B),chronological,3.0,16.54362416107383,1.9798657718120798,5.939597315436238
42,KNN,Scenario 3 (V2I - Day - Location B),chronological,5.0,14.597315436241612,1.4017851392084177,7.8859060402684555
42,NN,Scenario 3 (V2I - Day - Location B),chronological,0.5,32.58389261744967,0.6786492757099566,0.0
42,NN,Scenario 3 (V2I - Day - Location B),chronological,1.0,31.342281879194626,1.2663061922223617,1.2080536912751718
42,NN,Scenario 3 (V2I - Day - Location B),chronological,2.0,25.906040268456376,1.4992152955495754,6.644295302013422
42,NN,Scenario 3 (V2I - Day - Location B),chronological,3.0,20.604026845637584,1.3933247981225974,11.946308724832214
42,NN,Scenario 3 (V2I - Day - Location B),chronological,5.0,17.449664429530202,1.7820024224633224,15.100671140939596
42,RF,Scenario 3 (V2I - Day - Location B),chronological,0.5,21.040268456375838,1.8011727382979392,0.7718120805369146
42,RF,Scenario 3 (V2I - Day - Location B),chronological,1.0,20.838926174496645,1.6124850707025458,0.973154362416107
42,RF,Scenario 3 (V2I - Day - Location B),chronological,2.0,18.724832214765097,2.1371387017571353,3.087248322147655
42,RF,Scenario 3 (V2I - Day - Location B),chronological,3.0,15.57046979865772,1.4331648660444716,6.241610738255032
42,RF,Scenario 3 (V2I - Day - Location B),chronological,5.0,13.590604026845636,2.059046839817778,8.221476510067117
42,XGB,Scenario 3 (V2I - Day - Location B),chronological,0.5,23.120805369127517,2.119413781830622,0.7046979865771803
42,XGB,Scenario 3 (V2I - Day - Location B),chronological,1.0,22.315436241610733,1.7061374253538475,1.5100671140939639
42,XGB,Scenario 3 (V2I - Day - Location B),chronological,2.0,18.59060402684564,1.7254980043197907,5.234899328859058
42,XGB,Scenario 3 (V2I - Day - Location B),chronological,3.0,15.738255033557047,1.526384619536129,8.08724832214765
42,XGB,Scenario 3 (V2I - Day - Location B),chronological,5.0,14.798657718120802,1.8529446566816807,9.026845637583895
42,NB,Scenario 3 (V2I - Day - Location B),chronological,0.5,15.06711409395973,0.5704697986577176,0.03355704697986717
42,NB,Scenario 3 (V2I - Day - Location B),chronological,1.0,13.99328859060403,0.9960283274936799,1.1073825503355685
42,NB,Scenario 3 (V2I - Day - Location B),chronological,2.0,13.825503355704697,1.2716305584896928,1.2751677852349008
42,NB,Scenario 3 (V2I - Day - Location B),chronological,3.0,12.751677852348994,1.0505017343958742,2.348993288590604
42,NB,Scenario 3 (V2I - Day - Location B),chronological,5.0,12.416107382550337,1.6711274628172794,2.6845637583892614
100,KNN,Scenario 3 (V2I - Day - Location B),random,0.5,21.34228187919463,0.9863717085032929,2.14765100671141
100,KNN,Scenario 3 (V2I - Day - Location B),random,1.0,21.006711409395972,1.7832658061189832,2.4832214765100673
100,KNN,Scenario 3 (V2I - Day - Location B),random,2.0,18.590604026845636,2.430049260433781,4.899328859060404
100,KNN,Scenario 3 (V2I - Day - Location B),random,3.0,16.006711409395976,1.7114093959731547,7.483221476510064
100,KNN,Scenario 3 (V2I - Day - Location B),random,5.0,13.255033557046982,1.5469034324316926,10.234899328859058
100,NN,Scenario 3 (V2I - Day - Location B),random,0.5,27.483221476510067,0.8935252990398891,1.3758389261744988
100,NN,Scenario 3 (V2I - Day - Location B),random,1.0,25.536912751677853,1.4965841020790436,3.3221476510067127
100,NN,Scenario 3 (V2I - Day - Location B),random,2.0,22.919463087248324,1.2103817984477472,5.939597315436242
100,NN,Scenario 3 (V2I - Day - Location B),random,3.0,19.026845637583893,1.3342882786624863,9.832214765100673
100,NN,Scenario 3 (V2I - Day - Location B),random,5.0,15.40268456375839,1.8890561000050428,13.456375838926176
100,RF,Scenario 3 (V2I - Day - Location B),random,0.5,21.845637583892618,1.5337442794666358,1.9798657718120793
100,RF,Scenario 3 (V2I - Day - Location B),random,1.0,20.402684563758392,1.5938714210789153,3.4228187919463053
100,RF,Scenario 3 (V2I - Day - Location B),random,2.0,18.456375838926174,2.2709965524414266,5.369127516778523
100,RF,Scenario 3 (V2I - Day - Location B),random,3.0,15.167785234899327,1.7807381424726978,8.65771812080537
100,RF,Scenario 3 (V2I - Day - Location B),random,5.0,13.724832214765101,1.6054864045510988,10.100671140939596
100,XGB,Scenario 3 (V2I - Day - Location B),random,0.5,23.221476510067113,1.4765100671140943,0.9395973154362451
100,XGB,Scenario 3 (V2I - Day - Location B),random,1.0,21.174496644295303,1.9419646035208442,2.9865771812080553
100,XGB,Scenario 3 (V2I - Day - Location B),random,2.0,19.36241610738255,2.2007385814858518,4.798657718120808
100,XGB,Scenario 3 (V2I - Day - Location B),random,3.0,16.40939597315436,1.577181208053691,7.7516778523489975
100,XGB,Scenario 3 (V2I - Day - Location B),random,5.0,13.791946308724832,1.6470323747393325,10.369127516778526
100,NB,Scenario 3 (V2I - Day - Location B),random,0.5,6.375838926174497,0.39705233443621585,0.0
100,NB,Scenario 3 (V2I - Day - Location B),random,1.0,6.610738255033557,0.520945459606041,0.0
100,NB,Scenario 3 (V2I - Day - Location B),random,2.0,6.577181208053692,0.7826781066906445,0.0
100,NB,Scenario 3 (V2I - Day - Location B),random,3.0,6.912751677852349,0.7826781066906443,0.0
100,NB,Scenario 3 (V2I - Day - Location B),random,5.0,7.2147651006711415,0.9159291318091396,0.0
100,KNN,Scenario 3 (V2I - Day - Location B),chronological,0.5,23.65771812080537,1.1354982762207142,0.0
100,KNN,Scenario 3 (V2I - Day - Location B),chronological,1.0,23.422818791946305,1.586790660072066,0.0
100,KNN,Scenario 3 (V2I - Day - Location B),chronological,2.0,19.496644295302012,1.0117324450792848,2.9865771812080553
100,KNN,Scenario 3 (V2I - Day - Location B),chronological,3.0,18.355704697986578,1.916280742989159,4.127516778523489
100,KNN,Scenario 3 (V2I - Day - Location B),chronological,5.0,13.892617449664431,2.0532964484266247,8.590604026845636
100,NN,Scenario 3 (V2I - Day - Location B),chronological,0.5,29.496644295302012,0.6446098225603539,0.0
100,NN,Scenario 3 (V2I - Day - Location B),chronological,1.0,28.657718120805374,0.9395973154362424,0.5369127516778498
100,NN,Scenario 3 (V2I - Day - Location B),chronological,2.0,24.597315436241615,1.4860127399654046,4.597315436241608
100,NN,Scenario 3 (V2I - Day - Location B),chronological,3.0,21.140939597315434,1.0717261357497527,8.05369127516779
100,NN,Scenario 3 (V2I - Day - Location B),chronological,5.0,16.677852348993287,1.1235348350861212,12.516778523489936
100,RF,Scenario 3 (V2I - Day - Location B),chronological,0.5,21.778523489932887,1.2325078974635544,1.7114093959731527
100,RF,Scenario 3 (V2I - Day - Location B),chronological,1.0,21.04026845637584,2.25632154013614,2.4496644295301984
100,RF,Scenario 3 (V2I - Day - Location B),chronological,2.0,18.7248322147651,1.0483556611955231,4.765100671140939
100,RF,Scenario 3 (V2I - Day - Location B),chronological,3.0,16.74496644295302,1.877096143751274,6.744966442953018
100,RF,Scenario 3 (V2I - Day - Location B),chronological,5.0,13.25503355704698,1.821068933049011,10.23489932885906
100,XGB,Scenario 3 (V2I - Day - Location B),chronological,0.5,23.557046979865774,1.8428899621135553,0.2684563758389231
100,XGB,Scenario 3 (V2I - Day - Location B),chronological,1.0,22.214765100671137,2.5766917879801965,1.61073825503356
100,XGB,Scenario 3 (V2I - Day - Location B),chronological,2.0,19.02684563758389,1.7245188130912208,4.798657718120808
100,XGB,Scenario 3 (V2I - Day - Location B),chronological,3.0,16.51006711409396,1.6898897063106268,7.315436241610737
100,XGB,Scenario 3 (V2I - Day - Location B),chronological,5.0,13.758389261744966,1.35895682760514,10.06711409395973
100,NB,Scenario 3 (V2I - Day - Location B),chronological,0.5,15.201342281879196,0.9134669522695436,0.0
100,NB,Scenario 3 (V2I - Day - Location B),chronological,1.0,14.463087248322148,0.9425887184690025,0.6375838926174495
100,NB,Scenario 3 (V2I - Day - Location B),chronological,2.0,13.355704697986578,1.2627441424313275,1.7449664429530198
100,NB,Scenario 3 (V2I - Day - Location B),chronological,3.0,13.087248322147653,1.342281879194631,2.0134228187919447
100,NB,Scenario 3 (V2I - Day - Location B),chronological,5.0,11.677852348993289,1.6494235875764443,3.422818791946309
2024,KNN,Scenario 3 (V2I - Day - Location B),random,0.5,23.42281879194631,1.703164770530137,1.0738255033557067
2024,KNN,Scenario 3 (V2I - Day - Location B),random,1.0,22.281879194630868,1.084261370563994,2.2147651006711477
2024,KNN,Scenario 3 (V2I - Day - Location B),random,2.0,19.798657718120808,1.3754296330147118,4.697986577181208
2024,KNN,Scenario 3 (V2I - Day - Location B),random,3.0,18.154362416107382,1.912751677852349,6.342281879194633
2024,KNN,Scenario 3 (V2I - Day - Location B),random,5.0,13.8255033557047,1.7807381424726976,10.671140939597315
2024,NN,Scenario 3 (V2I - Day - Location B),random,0.5,27.24832214765101,1.0696226476851827,0.2684563758389231
2024,NN,Scenario 3 (V2I - Day - Location B),random,1.0,26.006711409395972,1.2667507441729435,1.5100671140939603
2024,NN,Scenario 3 (V2I - Day - Location B),random,2.0,22.81879194630872,1.2645264215715952,4.6979865771812115
2024,NN,Scenario 3 (V2I - Day - Location B),random,3.0,19.36241610738255,1.416170996376456,8.154362416107382
2024,NN,Scenario 3 (V2I - Day - Location B),random,5.0,17.751677852348994,1.268527394056094,9.765100671140939
2024,RF,Scenario 3 (V2I - Day - Location B),random,0.5,22.483221476510064,2.410508053163486,1.6778523489932944
2024,RF,Scenario 3 (V2I - Day - Location B),random,1.0,21.946308724832214,1.1835699388287517,2.214765100671144
2024,RF,Scenario 3 (V2I - Day - Location B),random,2.0,19.463087248322147,1.3422818791946314,4.6979865771812115
2024,RF,Scenario 3 (V2I - Day - Location B),random,3.0,16.51006711409396,1.891141315920184,7.651006711409398
2024,RF,Scenario 3 (V2I - Day - Location B),random,5.0,13.389261744966444,0.8935252990398891,10.771812080536915
2024,XGB,Scenario 3 (V2I - Day - Location B),random,0.5,24.161073825503358,1.5082016814929018,0.0
2024,XGB,Scenario 3 (V2I - Day - Location B),random,1.0,22.046979865771814,1.359371080572422,1.442953020134226
2024,XGB,Scenario 3 (V2I - Day - Location B),random,2.0,20.100671140939596,1.7911417644406062,3.3892617449664435
2024,XGB,Scenario 3 (V2I - Day - Location B),random,3.0,16.778523489932887,2.122334000113006,6.711409395973153
2024,XGB,Scenario 3 (V2I - Day - Location B),random,5.0,13.456375838926174,1.7008491137549242,10.033557046979865
2024,NB,Scenario 3 (V2I - Day - Location B),random,0.5,9.026845637583893,0.5898790547398299,0.0
2024,NB,Scenario 3 (V2I - Day - Location B),random,1.0,8.590604026845638,0.7382550335570468,0.13422818791946334
2024,NB,Scenario 3 (V2I - Day - Location B),random,2.0,8.624161073825503,0.8627490021598957,0.10067114093959795
2024,NB,Scenario 3 (V2I - Day - Location B),random,3.0,8.48993288590604,0.822661118934984,0.23489932885906128
2024,NB,Scenario 3 (V2I - Day - Location B),random,5.0,8.691275167785234,1.4113920030075897,0.03355704697986717
2024,KNN,Scenario 3 (V2I - Day - Location B),chronological,0.5,22.75167785234899,0.8053691275167779,0.0
2024,KNN,Scenario 3 (V2I - Day - Location B),chronological,1.0,22.6510067114094,1.5396066774435524,0.0
2024,KNN,Scenario 3 (V2I - Day - Location B),chronological,2.0,20.2013422818792,1.3981655473825276,2.281879194630868
2024,KNN,Scenario 3 (V2I - Day - Location B),chronological,3.0,16.778523489932887,1.4315925508524523,5.70469798657718
2024,KNN,Scenario 3 (V2I - Day - Location B),chronological,5.0,13.355704697986578,1.9897942389763212,9.12751677852349
2024,NN,Scenario 3 (V2I - Day - Location B),chronological,0.5,30.87248322147651,0.6541472714636883,0.0
2024,NN,Scenario 3 (V2I - Day - Location B),chronological,1.0,30.0,1.42528594507351,0.5369127516778534
2024,NN,Scenario 3 (V2I - Day - Location B),chronological,2.0,24.865771812080535,2.3463551820689053,5.6711409395973185
2024,NN,Scenario 3 (V2I - Day - Location B),chronological,3.0,21.241610738255034,1.1725775308494062,9.29530201342282
2024,NN,Scenario 3 (V2I - Day - Location B),chronological,5.0,16.91275167785235,1.4093959731543622,13.624161073825505
2024,RF,Scenario 3 (V2I - Day - Location B),chronological,0.5,21.510067114093964,1.1073825503355705,0.0
2024,RF,Scenario 3 (V2I - Day - Location B),chronological,1.0,20.06711409395973,1.3655697952601213,1.0738255033557067
2024,RF,Scenario 3 (V2I - Day - Location B),chronological,2.0,18.59060402684564,1.3185827318381544,2.550335570469798
2024,RF,Scenario 3 (V2I - Day - Location B),chronological,3.0,15.838926174496645,1.3981655473825276,5.302013422818792
2024,RF,Scenario 3 (V2I - Day - Location B),chronological,5.0,13.120805369127519,2.1822403339448466,8.020134228187919
2024,XGB,Scenario 3 (V2I - Day - Location B),chronological,0.5,23.993288590604028,1.9523742560790416,0.0
2024,XGB,Scenario 3 (V2I - Day - Location B),chronological,1.0,22.147651006711413,1.333866235862536,1.6778523489932837
2024,XGB,Scenario 3 (V2I - Day - Location B),chronological,2.0,18.825503355704697,1.1954035658091864,5.0
2024,XGB,Scenario 3 (V2I - Day - Location B),chronological,3.0,15.939597315436242,1.638807442560373,7.8859060402684555
2024,XGB,Scenario 3 (V2I - Day - Location B),chronological,5.0,12.21476510067114,1.0632872159567017,11.610738255033556
2024,NB,Scenario 3 (V2I - Day - Location B),chronological,0.5,14.83221476510067,0.6677768034272614,0.26845637583892845
2024,NB,Scenario 3 (V2I - Day - Location B),chronological,1.0,13.758389261744966,1.2191880620526816,1.3422818791946316
2024,NB,Scenario 3 (V2I - Day - Location B),chronological,2.0,13.65771812080537,1.2103817984477465,1.4429530201342278
2024,NB,Scenario 3 (V2I - Day - Location B),chronological,3.0,12.046979865771812,1.541068792376515,3.053691275167786
2024,NB,Scenario 3 (V2I - Day - Location B),chronological,5.0,11.140939597315436,1.1109359300165675,3.9597315436241622
